id,class
cat0.jpg,0
cat1.jpg,0
cat2.jpg,0
cat3.jpg,0
cat4.jpg,0
cat5.jpg,0
cat6.jpg,0
cat7.jpg,0
cat8.jpg,0
cat9.jpg,0
cat10.jpg,0
cat11.jpg,0
cat12.jpg,0
cat13.jpg,0
cat14.jpg,0
cat15.jpg,0
cat16.jpg,0
cat17.jpg,0
cat18.jpg,0
cat19.jpg,0
cat20.jpg,0
cat21.jpg,0
cat22.jpg,0
cat23.jpg,0
cat24.jpg,0
cat25.jpg,0
cat26.jpg,0
cat27.jpg,0
cat28.jpg,0
cat29.jpg,0
cat30.jpg,0
cat31.jpg,0
cat32.jpg,0
cat33.jpg,0
cat34.jpg,0
cat35.jpg,0
cat36.jpg,0
cat37.jpg,0
cat38.jpg,0
cat39.jpg,0
cat40.jpg,0
cat41.jpg,0
cat42.jpg,0
cat43.jpg,0
cat44.jpg,0
cat45.jpg,0
cat46.jpg,0
cat47.jpg,0
cat48.jpg,0
cat49.jpg,0
cat50.jpg,0
cat51.jpg,0
cat52.jpg,0
cat53.jpg,0
cat54.jpg,0
cat55.jpg,0
cat56.jpg,0
cat57.jpg,0
cat58.jpg,0
cat59.jpg,0
cat60.jpg,0
cat61.jpg,0
cat62.jpg,0
cat63.jpg,0
cat64.jpg,0
cat65.jpg,0
cat66.jpg,0
cat67.jpg,0
cat68.jpg,0
cat69.jpg,0
cat70.jpg,0
cat71.jpg,0
cat72.jpg,0
cat73.jpg,0
cat74.jpg,0
cat75.jpg,0
cat76.jpg,0
cat77.jpg,0
cat78.jpg,0
cat79.jpg,0
cat80.jpg,0
cat81.jpg,0
cat82.jpg,0
cat83.jpg,0
cat84.jpg,0
cat85.jpg,0
cat86.jpg,0
cat87.jpg,0
cat88.jpg,0
cat89.jpg,0
cat90.jpg,0
cat91.jpg,0
cat92.jpg,0
cat93.jpg,0
cat94.jpg,0
cat95.jpg,0
cat96.jpg,0
cat97.jpg,0
cat98.jpg,0
cat99.jpg,0
cat100.jpg,0
cat101.jpg,0
cat102.jpg,0
cat103.jpg,0
cat104.jpg,0
cat105.jpg,0
cat106.jpg,0
cat107.jpg,0
cat108.jpg,0
cat109.jpg,0
cat110.jpg,0
cat111.jpg,0
cat112.jpg,0
cat113.jpg,0
cat114.jpg,0
cat115.jpg,0
cat116.jpg,0
cat117.jpg,0
cat118.jpg,0
cat119.jpg,0
cat120.jpg,0
cat121.jpg,0
cat122.jpg,0
cat123.jpg,0
cat124.jpg,0
cat125.jpg,0
cat126.jpg,0
cat127.jpg,0
cat128.jpg,0
cat129.jpg,0
cat130.jpg,0
cat131.jpg,0
cat132.jpg,0
cat133.jpg,0
cat134.jpg,0
cat135.jpg,0
cat136.jpg,0
cat137.jpg,0
cat138.jpg,0
cat139.jpg,0
cat140.jpg,0
cat141.jpg,0
cat142.jpg,0
cat143.jpg,0
cat144.jpg,0
cat145.jpg,0
cat146.jpg,0
cat147.jpg,0
cat148.jpg,0
cat149.jpg,0
cat150.jpg,0
cat151.jpg,0
cat152.jpg,0
cat153.jpg,0
cat154.jpg,0
cat155.jpg,0
cat156.jpg,0
cat157.jpg,0
cat158.jpg,0
cat159.jpg,0
cat160.jpg,0
cat161.jpg,0
cat162.jpg,0
cat163.jpg,0
cat164.jpg,0
cat165.jpg,0
cat166.jpg,0
cat167.jpg,0
cat168.jpg,0
cat169.jpg,0
cat170.jpg,0
cat171.jpg,0
cat172.jpg,0
cat173.jpg,0
cat174.jpg,0
cat175.jpg,0
cat176.jpg,0
cat177.jpg,0
cat178.jpg,0
cat179.jpg,0
cat180.jpg,0
cat181.jpg,0
cat182.jpg,0
cat183.jpg,0
cat184.jpg,0
cat185.jpg,0
cat186.jpg,0
cat187.jpg,0
cat188.jpg,0
cat189.jpg,0
cat190.jpg,0
cat191.jpg,0
cat192.jpg,0
cat193.jpg,0
cat194.jpg,0
cat195.jpg,0
cat196.jpg,0
cat197.jpg,0
cat198.jpg,0
cat199.jpg,0
cat200.jpg,0
cat201.jpg,0
cat202.jpg,0
cat203.jpg,0
cat204.jpg,0
cat205.jpg,0
cat206.jpg,0
cat207.jpg,0
cat208.jpg,0
cat209.jpg,0
cat210.jpg,0
cat211.jpg,0
cat212.jpg,0
cat213.jpg,0
cat214.jpg,0
cat215.jpg,0
cat216.jpg,0
cat217.jpg,0
cat218.jpg,0
cat219.jpg,0
cat220.jpg,0
cat221.jpg,0
cat222.jpg,0
cat223.jpg,0
cat224.jpg,0
cat225.jpg,0
cat226.jpg,0
cat227.jpg,0
cat228.jpg,0
cat229.jpg,0
cat230.jpg,0
cat231.jpg,0
cat232.jpg,0
cat233.jpg,0
cat234.jpg,0
cat235.jpg,0
cat236.jpg,0
cat237.jpg,0
cat238.jpg,0
cat239.jpg,0
cat240.jpg,0
cat241.jpg,0
cat242.jpg,0
cat243.jpg,0
cat244.jpg,0
cat245.jpg,0
cat246.jpg,0
cat247.jpg,0
cat248.jpg,0
cat249.jpg,0
cat250.jpg,0
cat251.jpg,0
cat252.jpg,0
cat253.jpg,0
cat254.jpg,0
cat255.jpg,0
cat256.jpg,0
cat257.jpg,0
cat258.jpg,0
cat259.jpg,0
cat260.jpg,0
cat261.jpg,0
cat262.jpg,0
cat263.jpg,0
cat264.jpg,0
cat265.jpg,0
cat266.jpg,0
cat267.jpg,0
cat268.jpg,0
cat269.jpg,0
cat270.jpg,0
cat271.jpg,0
cat272.jpg,0
cat273.jpg,0
cat274.jpg,0
cat275.jpg,0
cat276.jpg,0
cat277.jpg,0
cat278.jpg,0
cat279.jpg,0
cat280.jpg,0
cat281.jpg,0
cat282.jpg,0
cat283.jpg,0
cat284.jpg,0
cat285.jpg,0
cat286.jpg,0
cat287.jpg,0
cat288.jpg,0
cat289.jpg,0
cat290.jpg,0
cat291.jpg,0
cat292.jpg,0
cat293.jpg,0
cat294.jpg,0
cat295.jpg,0
cat296.jpg,0
cat297.jpg,0
cat298.jpg,0
cat299.jpg,0
cat300.jpg,0
cat301.jpg,0
cat302.jpg,0
cat303.jpg,0
cat304.jpg,0
cat305.jpg,0
cat306.jpg,0
cat307.jpg,0
cat308.jpg,0
cat309.jpg,0
cat310.jpg,0
cat311.jpg,0
cat312.jpg,0
cat313.jpg,0
cat314.jpg,0
cat315.jpg,0
cat316.jpg,0
cat317.jpg,0
cat318.jpg,0
cat319.jpg,0
cat320.jpg,0
cat321.jpg,0
cat322.jpg,0
cat323.jpg,0
cat324.jpg,0
cat325.jpg,0
cat326.jpg,0
cat327.jpg,0
cat328.jpg,0
cat329.jpg,0
cat330.jpg,0
cat331.jpg,0
cat332.jpg,0
cat333.jpg,0
cat334.jpg,0
cat335.jpg,0
cat336.jpg,0
cat337.jpg,0
cat338.jpg,0
cat339.jpg,0
cat340.jpg,0
cat341.jpg,0
cat342.jpg,0
cat343.jpg,0
cat344.jpg,0
cat345.jpg,0
cat346.jpg,0
cat347.jpg,0
cat348.jpg,0
cat349.jpg,0
cat350.jpg,0
cat351.jpg,0
cat352.jpg,0
cat353.jpg,0
cat354.jpg,0
cat355.jpg,0
cat356.jpg,0
cat357.jpg,0
cat358.jpg,0
cat359.jpg,0
cat360.jpg,0
cat361.jpg,0
cat362.jpg,0
cat363.jpg,0
cat364.jpg,0
cat365.jpg,0
cat366.jpg,0
cat367.jpg,0
cat368.jpg,0
cat369.jpg,0
cat370.jpg,0
cat371.jpg,0
cat372.jpg,0
cat373.jpg,0
cat374.jpg,0
cat375.jpg,0
cat376.jpg,0
cat377.jpg,0
cat378.jpg,0
cat379.jpg,0
cat380.jpg,0
cat381.jpg,0
cat382.jpg,0
cat383.jpg,0
cat384.jpg,0
cat385.jpg,0
cat386.jpg,0
cat387.jpg,0
cat388.jpg,0
cat389.jpg,0
cat390.jpg,0
cat391.jpg,0
cat392.jpg,0
cat393.jpg,0
cat394.jpg,0
cat395.jpg,0
cat396.jpg,0
cat397.jpg,0
cat398.jpg,0
cat399.jpg,0
cat400.jpg,0
cat401.jpg,0
cat402.jpg,0
cat403.jpg,0
cat404.jpg,0
cat405.jpg,0
cat406.jpg,0
cat407.jpg,0
cat408.jpg,0
cat409.jpg,0
cat410.jpg,0
cat411.jpg,0
cat412.jpg,0
cat413.jpg,0
cat414.jpg,0
cat415.jpg,0
cat416.jpg,0
cat417.jpg,0
cat418.jpg,0
cat419.jpg,0
cat420.jpg,0
cat421.jpg,0
cat422.jpg,0
cat423.jpg,0
cat424.jpg,0
cat425.jpg,0
cat426.jpg,0
cat427.jpg,0
cat428.jpg,0
cat429.jpg,0
cat430.jpg,0
cat431.jpg,0
cat432.jpg,0
cat433.jpg,0
cat434.jpg,0
cat435.jpg,0
cat436.jpg,0
cat437.jpg,0
cat438.jpg,0
cat439.jpg,0
cat440.jpg,0
cat441.jpg,0
cat442.jpg,0
cat443.jpg,0
cat444.jpg,0
cat445.jpg,0
cat446.jpg,0
cat447.jpg,0
cat448.jpg,0
cat449.jpg,0
cat450.jpg,0
cat451.jpg,0
cat452.jpg,0
cat453.jpg,0
cat454.jpg,0
cat455.jpg,0
cat456.jpg,0
cat457.jpg,0
cat458.jpg,0
cat459.jpg,0
cat460.jpg,0
cat461.jpg,0
cat462.jpg,0
cat463.jpg,0
cat464.jpg,0
cat465.jpg,0
cat466.jpg,0
cat467.jpg,0
cat468.jpg,0
cat469.jpg,0
cat470.jpg,0
cat471.jpg,0
cat472.jpg,0
cat473.jpg,0
cat474.jpg,0
cat475.jpg,0
cat476.jpg,0
cat477.jpg,0
cat478.jpg,0
cat479.jpg,0
cat480.jpg,0
cat481.jpg,0
cat482.jpg,0
cat483.jpg,0
cat484.jpg,0
cat485.jpg,0
cat486.jpg,0
cat487.jpg,0
cat488.jpg,0
cat489.jpg,0
cat490.jpg,0
cat491.jpg,0
cat492.jpg,0
cat493.jpg,0
cat494.jpg,0
cat495.jpg,0
cat496.jpg,0
cat497.jpg,0
cat498.jpg,0
cat499.jpg,0
cat500.jpg,0
cat501.jpg,0
cat502.jpg,0
cat503.jpg,0
cat504.jpg,0
cat505.jpg,0
cat506.jpg,0
cat507.jpg,0
cat508.jpg,0
cat509.jpg,0
cat510.jpg,0
cat511.jpg,0
cat512.jpg,0
cat513.jpg,0
cat514.jpg,0
cat515.jpg,0
cat516.jpg,0
cat517.jpg,0
cat518.jpg,0
cat519.jpg,0
cat520.jpg,0
cat521.jpg,0
cat522.jpg,0
cat523.jpg,0
cat524.jpg,0
cat525.jpg,0
cat526.jpg,0
cat527.jpg,0
cat528.jpg,0
cat529.jpg,0
cat530.jpg,0
cat531.jpg,0
cat532.jpg,0
cat533.jpg,0
cat534.jpg,0
cat535.jpg,0
cat536.jpg,0
cat537.jpg,0
cat538.jpg,0
cat539.jpg,0
cat540.jpg,0
cat541.jpg,0
cat542.jpg,0
cat543.jpg,0
cat544.jpg,0
cat545.jpg,0
cat546.jpg,0
cat547.jpg,0
cat548.jpg,0
cat549.jpg,0
cat550.jpg,0
cat551.jpg,0
cat552.jpg,0
cat553.jpg,0
cat554.jpg,0
cat555.jpg,0
cat556.jpg,0
cat557.jpg,0
cat558.jpg,0
cat559.jpg,0
cat560.jpg,0
cat561.jpg,0
cat562.jpg,0
cat563.jpg,0
cat564.jpg,0
cat565.jpg,0
cat566.jpg,0
cat567.jpg,0
cat568.jpg,0
cat569.jpg,0
cat570.jpg,0
cat571.jpg,0
cat572.jpg,0
cat573.jpg,0
cat574.jpg,0
cat575.jpg,0
cat576.jpg,0
cat577.jpg,0
cat578.jpg,0
cat579.jpg,0
cat580.jpg,0
cat581.jpg,0
cat582.jpg,0
cat583.jpg,0
cat584.jpg,0
cat585.jpg,0
cat586.jpg,0
cat587.jpg,0
cat588.jpg,0
cat589.jpg,0
cat590.jpg,0
cat591.jpg,0
cat592.jpg,0
cat593.jpg,0
cat594.jpg,0
cat595.jpg,0
cat596.jpg,0
cat597.jpg,0
cat598.jpg,0
cat599.jpg,0
cat600.jpg,0
cat601.jpg,0
cat602.jpg,0
cat603.jpg,0
cat604.jpg,0
cat605.jpg,0
cat606.jpg,0
cat607.jpg,0
cat608.jpg,0
cat609.jpg,0
cat610.jpg,0
cat611.jpg,0
cat612.jpg,0
cat613.jpg,0
cat614.jpg,0
cat615.jpg,0
cat616.jpg,0
cat617.jpg,0
cat618.jpg,0
cat619.jpg,0
cat620.jpg,0
cat621.jpg,0
cat622.jpg,0
cat623.jpg,0
cat624.jpg,0
cat625.jpg,0
cat626.jpg,0
cat627.jpg,0
cat628.jpg,0
cat629.jpg,0
cat630.jpg,0
cat631.jpg,0
cat632.jpg,0
cat633.jpg,0
cat634.jpg,0
cat635.jpg,0
cat636.jpg,0
cat637.jpg,0
cat638.jpg,0
cat639.jpg,0
cat640.jpg,0
cat641.jpg,0
cat642.jpg,0
cat643.jpg,0
cat644.jpg,0
cat645.jpg,0
cat646.jpg,0
cat647.jpg,0
cat648.jpg,0
cat649.jpg,0
cat650.jpg,0
cat651.jpg,0
cat652.jpg,0
cat653.jpg,0
cat654.jpg,0
cat655.jpg,0
cat656.jpg,0
cat657.jpg,0
cat658.jpg,0
cat659.jpg,0
cat660.jpg,0
cat661.jpg,0
cat662.jpg,0
cat663.jpg,0
cat664.jpg,0
cat665.jpg,0
cat666.jpg,0
cat667.jpg,0
cat668.jpg,0
cat669.jpg,0
cat670.jpg,0
cat671.jpg,0
cat672.jpg,0
cat673.jpg,0
cat674.jpg,0
cat675.jpg,0
cat676.jpg,0
cat677.jpg,0
cat678.jpg,0
cat679.jpg,0
cat680.jpg,0
cat681.jpg,0
cat682.jpg,0
cat683.jpg,0
cat684.jpg,0
cat685.jpg,0
cat686.jpg,0
cat687.jpg,0
cat688.jpg,0
cat689.jpg,0
cat690.jpg,0
cat691.jpg,0
cat692.jpg,0
cat693.jpg,0
cat694.jpg,0
cat695.jpg,0
cat696.jpg,0
cat697.jpg,0
cat698.jpg,0
cat699.jpg,0
cat700.jpg,0
cat701.jpg,0
cat702.jpg,0
cat703.jpg,0
cat704.jpg,0
cat705.jpg,0
cat706.jpg,0
cat707.jpg,0
cat708.jpg,0
cat709.jpg,0
cat710.jpg,0
cat711.jpg,0
cat712.jpg,0
cat713.jpg,0
cat714.jpg,0
cat715.jpg,0
cat716.jpg,0
cat717.jpg,0
cat718.jpg,0
cat719.jpg,0
cat720.jpg,0
cat721.jpg,0
cat722.jpg,0
cat723.jpg,0
cat724.jpg,0
cat725.jpg,0
cat726.jpg,0
cat727.jpg,0
cat728.jpg,0
cat729.jpg,0
cat730.jpg,0
cat731.jpg,0
cat732.jpg,0
cat733.jpg,0
cat734.jpg,0
cat735.jpg,0
cat736.jpg,0
cat737.jpg,0
cat738.jpg,0
cat739.jpg,0
cat740.jpg,0
cat741.jpg,0
cat742.jpg,0
cat743.jpg,0
cat744.jpg,0
cat745.jpg,0
cat746.jpg,0
cat747.jpg,0
cat748.jpg,0
cat749.jpg,0
cat750.jpg,0
cat751.jpg,0
cat752.jpg,0
cat753.jpg,0
cat754.jpg,0
cat755.jpg,0
cat756.jpg,0
cat757.jpg,0
cat758.jpg,0
cat759.jpg,0
cat760.jpg,0
cat761.jpg,0
cat762.jpg,0
cat763.jpg,0
cat764.jpg,0
cat765.jpg,0
cat766.jpg,0
cat767.jpg,0
cat768.jpg,0
cat769.jpg,0
cat770.jpg,0
cat771.jpg,0
cat772.jpg,0
cat773.jpg,0
cat774.jpg,0
cat775.jpg,0
cat776.jpg,0
cat777.jpg,0
cat778.jpg,0
cat779.jpg,0
cat780.jpg,0
cat781.jpg,0
cat782.jpg,0
cat783.jpg,0
cat784.jpg,0
cat785.jpg,0
cat786.jpg,0
cat787.jpg,0
cat788.jpg,0
cat789.jpg,0
cat790.jpg,0
cat791.jpg,0
cat792.jpg,0
cat793.jpg,0
cat794.jpg,0
cat795.jpg,0
cat796.jpg,0
cat797.jpg,0
cat798.jpg,0
cat799.jpg,0
cat800.jpg,0
cat801.jpg,0
cat802.jpg,0
cat803.jpg,0
cat804.jpg,0
cat805.jpg,0
cat806.jpg,0
cat807.jpg,0
cat808.jpg,0
cat809.jpg,0
cat810.jpg,0
cat811.jpg,0
cat812.jpg,0
cat813.jpg,0
cat814.jpg,0
cat815.jpg,0
cat816.jpg,0
cat817.jpg,0
cat818.jpg,0
cat819.jpg,0
cat820.jpg,0
cat821.jpg,0
cat822.jpg,0
cat823.jpg,0
cat824.jpg,0
cat825.jpg,0
cat826.jpg,0
cat827.jpg,0
cat828.jpg,0
cat829.jpg,0
cat830.jpg,0
cat831.jpg,0
cat832.jpg,0
cat833.jpg,0
cat834.jpg,0
cat835.jpg,0
cat836.jpg,0
cat837.jpg,0
cat838.jpg,0
cat839.jpg,0
cat840.jpg,0
cat841.jpg,0
cat842.jpg,0
cat843.jpg,0
cat844.jpg,0
cat845.jpg,0
cat846.jpg,0
cat847.jpg,0
cat848.jpg,0
cat849.jpg,0
cat850.jpg,0
cat851.jpg,0
cat852.jpg,0
cat853.jpg,0
cat854.jpg,0
cat855.jpg,0
cat856.jpg,0
cat857.jpg,0
cat858.jpg,0
cat859.jpg,0
cat860.jpg,0
cat861.jpg,0
cat862.jpg,0
cat863.jpg,0
cat864.jpg,0
cat865.jpg,0
cat866.jpg,0
cat867.jpg,0
cat868.jpg,0
cat869.jpg,0
cat870.jpg,0
cat871.jpg,0
cat872.jpg,0
cat873.jpg,0
cat874.jpg,0
cat875.jpg,0
cat876.jpg,0
cat877.jpg,0
cat878.jpg,0
cat879.jpg,0
cat880.jpg,0
cat881.jpg,0
cat882.jpg,0
cat883.jpg,0
cat884.jpg,0
cat885.jpg,0
cat886.jpg,0
cat887.jpg,0
cat888.jpg,0
cat889.jpg,0
cat890.jpg,0
cat891.jpg,0
cat892.jpg,0
cat893.jpg,0
cat894.jpg,0
cat895.jpg,0
cat896.jpg,0
cat897.jpg,0
cat898.jpg,0
cat899.jpg,0
cat900.jpg,0
cat901.jpg,0
cat902.jpg,0
cat903.jpg,0
cat904.jpg,0
cat905.jpg,0
cat906.jpg,0
cat907.jpg,0
cat908.jpg,0
cat909.jpg,0
cat910.jpg,0
cat911.jpg,0
cat912.jpg,0
cat913.jpg,0
cat914.jpg,0
cat915.jpg,0
cat916.jpg,0
cat917.jpg,0
cat918.jpg,0
cat919.jpg,0
cat920.jpg,0
cat921.jpg,0
cat922.jpg,0
cat923.jpg,0
cat924.jpg,0
cat925.jpg,0
cat926.jpg,0
cat927.jpg,0
cat928.jpg,0
cat929.jpg,0
cat930.jpg,0
cat931.jpg,0
cat932.jpg,0
cat933.jpg,0
cat934.jpg,0
cat935.jpg,0
cat936.jpg,0
cat937.jpg,0
cat938.jpg,0
cat939.jpg,0
cat940.jpg,0
cat941.jpg,0
cat942.jpg,0
cat943.jpg,0
cat944.jpg,0
cat945.jpg,0
cat946.jpg,0
cat947.jpg,0
cat948.jpg,0
cat949.jpg,0
cat950.jpg,0
cat951.jpg,0
cat952.jpg,0
cat953.jpg,0
cat954.jpg,0
cat955.jpg,0
cat956.jpg,0
cat957.jpg,0
cat958.jpg,0
cat959.jpg,0
cat960.jpg,0
cat961.jpg,0
cat962.jpg,0
cat963.jpg,0
cat964.jpg,0
cat965.jpg,0
cat966.jpg,0
cat967.jpg,0
cat968.jpg,0
cat969.jpg,0
cat970.jpg,0
cat971.jpg,0
cat972.jpg,0
cat973.jpg,0
cat974.jpg,0
cat975.jpg,0
cat976.jpg,0
cat977.jpg,0
cat978.jpg,0
cat979.jpg,0
cat980.jpg,0
cat981.jpg,0
cat982.jpg,0
cat983.jpg,0
cat984.jpg,0
cat985.jpg,0
cat986.jpg,0
cat987.jpg,0
cat988.jpg,0
cat989.jpg,0
cat990.jpg,0
cat991.jpg,0
cat992.jpg,0
cat993.jpg,0
cat994.jpg,0
cat995.jpg,0
cat996.jpg,0
cat997.jpg,0
cat998.jpg,0
cat999.jpg,0
cat1000.jpg,0
cat1001.jpg,0
cat1002.jpg,0
cat1003.jpg,0
cat1004.jpg,0
cat1005.jpg,0
cat1006.jpg,0
cat1007.jpg,0
cat1008.jpg,0
cat1009.jpg,0
cat1010.jpg,0
cat1011.jpg,0
cat1012.jpg,0
cat1013.jpg,0
cat1014.jpg,0
cat1015.jpg,0
cat1016.jpg,0
cat1017.jpg,0
cat1018.jpg,0
cat1019.jpg,0
cat1020.jpg,0
cat1021.jpg,0
cat1022.jpg,0
cat1023.jpg,0
cat1024.jpg,0
cat1025.jpg,0
cat1026.jpg,0
cat1027.jpg,0
cat1028.jpg,0
cat1029.jpg,0
cat1030.jpg,0
cat1031.jpg,0
cat1032.jpg,0
cat1033.jpg,0
cat1034.jpg,0
cat1035.jpg,0
cat1036.jpg,0
cat1037.jpg,0
cat1038.jpg,0
cat1039.jpg,0
cat1040.jpg,0
cat1041.jpg,0
cat1042.jpg,0
cat1043.jpg,0
cat1044.jpg,0
cat1045.jpg,0
cat1046.jpg,0
cat1047.jpg,0
cat1048.jpg,0
cat1049.jpg,0
cat1050.jpg,0
cat1051.jpg,0
cat1052.jpg,0
cat1053.jpg,0
cat1054.jpg,0
cat1055.jpg,0
cat1056.jpg,0
cat1057.jpg,0
cat1058.jpg,0
cat1059.jpg,0
cat1060.jpg,0
cat1061.jpg,0
cat1062.jpg,0
cat1063.jpg,0
cat1064.jpg,0
cat1065.jpg,0
cat1066.jpg,0
cat1067.jpg,0
cat1068.jpg,0
cat1069.jpg,0
cat1070.jpg,0
cat1071.jpg,0
cat1072.jpg,0
cat1073.jpg,0
cat1074.jpg,0
cat1075.jpg,0
cat1076.jpg,0
cat1077.jpg,0
cat1078.jpg,0
cat1079.jpg,0
cat1080.jpg,0
cat1081.jpg,0
cat1082.jpg,0
cat1083.jpg,0
cat1084.jpg,0
cat1085.jpg,0
cat1086.jpg,0
cat1087.jpg,0
cat1088.jpg,0
cat1089.jpg,0
cat1090.jpg,0
cat1091.jpg,0
cat1092.jpg,0
cat1093.jpg,0
cat1094.jpg,0
cat1095.jpg,0
cat1096.jpg,0
cat1097.jpg,0
cat1098.jpg,0
cat1099.jpg,0
cat1100.jpg,0
cat1101.jpg,0
cat1102.jpg,0
cat1103.jpg,0
cat1104.jpg,0
cat1105.jpg,0
cat1106.jpg,0
cat1107.jpg,0
cat1108.jpg,0
cat1109.jpg,0
cat1110.jpg,0
cat1111.jpg,0
cat1112.jpg,0
cat1113.jpg,0
cat1114.jpg,0
cat1115.jpg,0
cat1116.jpg,0
cat1117.jpg,0
cat1118.jpg,0
cat1119.jpg,0
cat1120.jpg,0
cat1121.jpg,0
cat1122.jpg,0
cat1123.jpg,0
cat1124.jpg,0
cat1125.jpg,0
cat1126.jpg,0
cat1127.jpg,0
cat1128.jpg,0
cat1129.jpg,0
cat1130.jpg,0
cat1131.jpg,0
cat1132.jpg,0
cat1133.jpg,0
cat1134.jpg,0
cat1135.jpg,0
cat1136.jpg,0
cat1137.jpg,0
cat1138.jpg,0
cat1139.jpg,0
cat1140.jpg,0
cat1141.jpg,0
cat1142.jpg,0
cat1143.jpg,0
cat1144.jpg,0
cat1145.jpg,0
cat1146.jpg,0
cat1147.jpg,0
cat1148.jpg,0
cat1149.jpg,0
cat1150.jpg,0
cat1151.jpg,0
cat1152.jpg,0
cat1153.jpg,0
cat1154.jpg,0
cat1155.jpg,0
cat1156.jpg,0
cat1157.jpg,0
cat1158.jpg,0
cat1159.jpg,0
cat1160.jpg,0
cat1161.jpg,0
cat1162.jpg,0
cat1163.jpg,0
cat1164.jpg,0
cat1165.jpg,0
cat1166.jpg,0
cat1167.jpg,0
cat1168.jpg,0
cat1169.jpg,0
cat1170.jpg,0
cat1171.jpg,0
cat1172.jpg,0
cat1173.jpg,0
cat1174.jpg,0
cat1175.jpg,0
cat1176.jpg,0
cat1177.jpg,0
cat1178.jpg,0
cat1179.jpg,0
cat1180.jpg,0
cat1181.jpg,0
cat1182.jpg,0
cat1183.jpg,0
cat1184.jpg,0
cat1185.jpg,0
cat1186.jpg,0
cat1187.jpg,0
cat1188.jpg,0
cat1189.jpg,0
cat1190.jpg,0
cat1191.jpg,0
cat1192.jpg,0
cat1193.jpg,0
cat1194.jpg,0
cat1195.jpg,0
cat1196.jpg,0
cat1197.jpg,0
cat1198.jpg,0
cat1199.jpg,0
cat1200.jpg,0
cat1201.jpg,0
cat1202.jpg,0
cat1203.jpg,0
cat1204.jpg,0
cat1205.jpg,0
cat1206.jpg,0
cat1207.jpg,0
cat1208.jpg,0
cat1209.jpg,0
cat1210.jpg,0
cat1211.jpg,0
cat1212.jpg,0
cat1213.jpg,0
cat1214.jpg,0
cat1215.jpg,0
cat1216.jpg,0
cat1217.jpg,0
cat1218.jpg,0
cat1219.jpg,0
cat1220.jpg,0
cat1221.jpg,0
cat1222.jpg,0
cat1223.jpg,0
cat1224.jpg,0
cat1225.jpg,0
cat1226.jpg,0
cat1227.jpg,0
cat1228.jpg,0
cat1229.jpg,0
cat1230.jpg,0
cat1231.jpg,0
cat1232.jpg,0
cat1233.jpg,0
cat1234.jpg,0
cat1235.jpg,0
cat1236.jpg,0
cat1237.jpg,0
cat1238.jpg,0
cat1239.jpg,0
cat1240.jpg,0
cat1241.jpg,0
cat1242.jpg,0
cat1243.jpg,0
cat1244.jpg,0
cat1245.jpg,0
cat1246.jpg,0
cat1247.jpg,0
cat1248.jpg,0
cat1249.jpg,0
cat1250.jpg,0
cat1251.jpg,0
cat1252.jpg,0
cat1253.jpg,0
cat1254.jpg,0
cat1255.jpg,0
cat1256.jpg,0
cat1257.jpg,0
cat1258.jpg,0
cat1259.jpg,0
cat1260.jpg,0
cat1261.jpg,0
cat1262.jpg,0
cat1263.jpg,0
cat1264.jpg,0
cat1265.jpg,0
cat1266.jpg,0
cat1267.jpg,0
cat1268.jpg,0
cat1269.jpg,0
cat1270.jpg,0
cat1271.jpg,0
cat1272.jpg,0
cat1273.jpg,0
cat1274.jpg,0
cat1275.jpg,0
cat1276.jpg,0
cat1277.jpg,0
cat1278.jpg,0
cat1279.jpg,0
cat1280.jpg,0
cat1281.jpg,0
cat1282.jpg,0
cat1283.jpg,0
cat1284.jpg,0
cat1285.jpg,0
cat1286.jpg,0
cat1287.jpg,0
cat1288.jpg,0
cat1289.jpg,0
cat1290.jpg,0
cat1291.jpg,0
cat1292.jpg,0
cat1293.jpg,0
cat1294.jpg,0
cat1295.jpg,0
cat1296.jpg,0
cat1297.jpg,0
cat1298.jpg,0
cat1299.jpg,0
cat1300.jpg,0
cat1301.jpg,0
cat1302.jpg,0
cat1303.jpg,0
cat1304.jpg,0
cat1305.jpg,0
cat1306.jpg,0
cat1307.jpg,0
cat1308.jpg,0
cat1309.jpg,0
cat1310.jpg,0
cat1311.jpg,0
cat1312.jpg,0
cat1313.jpg,0
cat1314.jpg,0
cat1315.jpg,0
cat1316.jpg,0
cat1317.jpg,0
cat1318.jpg,0
cat1319.jpg,0
cat1320.jpg,0
cat1321.jpg,0
cat1322.jpg,0
cat1323.jpg,0
cat1324.jpg,0
cat1325.jpg,0
cat1326.jpg,0
cat1327.jpg,0
cat1328.jpg,0
cat1329.jpg,0
cat1330.jpg,0
cat1331.jpg,0
cat1332.jpg,0
cat1333.jpg,0
cat1334.jpg,0
cat1335.jpg,0
cat1336.jpg,0
cat1337.jpg,0
cat1338.jpg,0
cat1339.jpg,0
cat1340.jpg,0
cat1341.jpg,0
cat1342.jpg,0
cat1343.jpg,0
cat1344.jpg,0
cat1345.jpg,0
cat1346.jpg,0
cat1347.jpg,0
cat1348.jpg,0
cat1349.jpg,0
cat1350.jpg,0
cat1351.jpg,0
cat1352.jpg,0
cat1353.jpg,0
cat1354.jpg,0
cat1355.jpg,0
cat1356.jpg,0
cat1357.jpg,0
cat1358.jpg,0
cat1359.jpg,0
cat1360.jpg,0
cat1361.jpg,0
cat1362.jpg,0
cat1363.jpg,0
cat1364.jpg,0
cat1365.jpg,0
cat1366.jpg,0
cat1367.jpg,0
cat1368.jpg,0
cat1369.jpg,0
cat1370.jpg,0
cat1371.jpg,0
cat1372.jpg,0
cat1373.jpg,0
cat1374.jpg,0
cat1375.jpg,0
cat1376.jpg,0
cat1377.jpg,0
cat1378.jpg,0
cat1379.jpg,0
cat1380.jpg,0
cat1381.jpg,0
cat1382.jpg,0
cat1383.jpg,0
cat1384.jpg,0
cat1385.jpg,0
cat1386.jpg,0
cat1387.jpg,0
cat1388.jpg,0
cat1389.jpg,0
cat1390.jpg,0
cat1391.jpg,0
cat1392.jpg,0
cat1393.jpg,0
cat1394.jpg,0
cat1395.jpg,0
cat1396.jpg,0
cat1397.jpg,0
cat1398.jpg,0
cat1399.jpg,0
cat1400.jpg,0
cat1401.jpg,0
cat1402.jpg,0
cat1403.jpg,0
cat1404.jpg,0
cat1405.jpg,0
cat1406.jpg,0
cat1407.jpg,0
cat1408.jpg,0
cat1409.jpg,0
cat1410.jpg,0
cat1411.jpg,0
cat1412.jpg,0
cat1413.jpg,0
cat1414.jpg,0
cat1415.jpg,0
cat1416.jpg,0
cat1417.jpg,0
cat1418.jpg,0
cat1419.jpg,0
cat1420.jpg,0
cat1421.jpg,0
cat1422.jpg,0
cat1423.jpg,0
cat1424.jpg,0
cat1425.jpg,0
cat1426.jpg,0
cat1427.jpg,0
cat1428.jpg,0
cat1429.jpg,0
cat1430.jpg,0
cat1431.jpg,0
cat1432.jpg,0
cat1433.jpg,0
cat1434.jpg,0
cat1435.jpg,0
cat1436.jpg,0
cat1437.jpg,0
cat1438.jpg,0
cat1439.jpg,0
cat1440.jpg,0
cat1441.jpg,0
cat1442.jpg,0
cat1443.jpg,0
cat1444.jpg,0
cat1445.jpg,0
cat1446.jpg,0
cat1447.jpg,0
cat1448.jpg,0
cat1449.jpg,0
cat1450.jpg,0
cat1451.jpg,0
cat1452.jpg,0
cat1453.jpg,0
cat1454.jpg,0
cat1455.jpg,0
cat1456.jpg,0
cat1457.jpg,0
cat1458.jpg,0
cat1459.jpg,0
cat1460.jpg,0
cat1461.jpg,0
cat1462.jpg,0
cat1463.jpg,0
cat1464.jpg,0
cat1465.jpg,0
cat1466.jpg,0
cat1467.jpg,0
cat1468.jpg,0
cat1469.jpg,0
cat1470.jpg,0
cat1471.jpg,0
cat1472.jpg,0
cat1473.jpg,0
cat1474.jpg,0
cat1475.jpg,0
cat1476.jpg,0
cat1477.jpg,0
cat1478.jpg,0
cat1479.jpg,0
cat1480.jpg,0
cat1481.jpg,0
cat1482.jpg,0
cat1483.jpg,0
cat1484.jpg,0
cat1485.jpg,0
cat1486.jpg,0
cat1487.jpg,0
cat1488.jpg,0
cat1489.jpg,0
cat1490.jpg,0
cat1491.jpg,0
cat1492.jpg,0
cat1493.jpg,0
cat1494.jpg,0
cat1495.jpg,0
cat1496.jpg,0
cat1497.jpg,0
cat1498.jpg,0
cat1499.jpg,0
cat1500.jpg,0
cat1501.jpg,0
cat1502.jpg,0
cat1503.jpg,0
cat1504.jpg,0
cat1505.jpg,0
cat1506.jpg,0
cat1507.jpg,0
cat1508.jpg,0
cat1509.jpg,0
cat1510.jpg,0
cat1511.jpg,0
cat1512.jpg,0
cat1513.jpg,0
cat1514.jpg,0
cat1515.jpg,0
cat1516.jpg,0
cat1517.jpg,0
cat1518.jpg,0
cat1519.jpg,0
cat1520.jpg,0
cat1521.jpg,0
cat1522.jpg,0
cat1523.jpg,0
cat1524.jpg,0
cat1525.jpg,0
cat1526.jpg,0
cat1527.jpg,0
cat1528.jpg,0
cat1529.jpg,0
cat1530.jpg,0
cat1531.jpg,0
cat1532.jpg,0
cat1533.jpg,0
cat1534.jpg,0
cat1535.jpg,0
cat1536.jpg,0
cat1537.jpg,0
cat1538.jpg,0
cat1539.jpg,0
cat1540.jpg,0
cat1541.jpg,0
cat1542.jpg,0
cat1543.jpg,0
cat1544.jpg,0
cat1545.jpg,0
cat1546.jpg,0
cat1547.jpg,0
cat1548.jpg,0
cat1549.jpg,0
cat1550.jpg,0
cat1551.jpg,0
cat1552.jpg,0
cat1553.jpg,0
cat1554.jpg,0
cat1555.jpg,0
cat1556.jpg,0
cat1557.jpg,0
cat1558.jpg,0
cat1559.jpg,0
cat1560.jpg,0
cat1561.jpg,0
cat1562.jpg,0
cat1563.jpg,0
cat1564.jpg,0
cat1565.jpg,0
cat1566.jpg,0
cat1567.jpg,0
cat1568.jpg,0
cat1569.jpg,0
cat1570.jpg,0
cat1571.jpg,0
cat1572.jpg,0
cat1573.jpg,0
cat1574.jpg,0
cat1575.jpg,0
cat1576.jpg,0
cat1577.jpg,0
cat1578.jpg,0
cat1579.jpg,0
cat1580.jpg,0
cat1581.jpg,0
cat1582.jpg,0
cat1583.jpg,0
cat1584.jpg,0
cat1585.jpg,0
cat1586.jpg,0
cat1587.jpg,0
cat1588.jpg,0
cat1589.jpg,0
cat1590.jpg,0
cat1591.jpg,0
cat1592.jpg,0
cat1593.jpg,0
cat1594.jpg,0
cat1595.jpg,0
cat1596.jpg,0
cat1597.jpg,0
cat1598.jpg,0
cat1599.jpg,0
cat1600.jpg,0
cat1601.jpg,0
cat1602.jpg,0
cat1603.jpg,0
cat1604.jpg,0
cat1605.jpg,0
cat1606.jpg,0
cat1607.jpg,0
cat1608.jpg,0
cat1609.jpg,0
cat1610.jpg,0
cat1611.jpg,0
cat1612.jpg,0
cat1613.jpg,0
cat1614.jpg,0
cat1615.jpg,0
cat1616.jpg,0
cat1617.jpg,0
cat1618.jpg,0
cat1619.jpg,0
cat1620.jpg,0
cat1621.jpg,0
cat1622.jpg,0
cat1623.jpg,0
cat1624.jpg,0
cat1625.jpg,0
cat1626.jpg,0
cat1627.jpg,0
cat1628.jpg,0
cat1629.jpg,0
cat1630.jpg,0
cat1631.jpg,0
cat1632.jpg,0
cat1633.jpg,0
cat1634.jpg,0
cat1635.jpg,0
cat1636.jpg,0
cat1637.jpg,0
cat1638.jpg,0
cat1639.jpg,0
cat1640.jpg,0
cat1641.jpg,0
cat1642.jpg,0
cat1643.jpg,0
cat1644.jpg,0
cat1645.jpg,0
cat1646.jpg,0
cat1647.jpg,0
cat1648.jpg,0
cat1649.jpg,0
cat1650.jpg,0
cat1651.jpg,0
cat1652.jpg,0
cat1653.jpg,0
cat1654.jpg,0
cat1655.jpg,0
cat1656.jpg,0
cat1657.jpg,0
cat1658.jpg,0
cat1659.jpg,0
cat1660.jpg,0
cat1661.jpg,0
cat1662.jpg,0
cat1663.jpg,0
cat1664.jpg,0
cat1665.jpg,0
cat1666.jpg,0
cat1667.jpg,0
cat1668.jpg,0
cat1669.jpg,0
cat1670.jpg,0
cat1671.jpg,0
cat1672.jpg,0
cat1673.jpg,0
cat1674.jpg,0
cat1675.jpg,0
cat1676.jpg,0
cat1677.jpg,0
cat1678.jpg,0
cat1679.jpg,0
cat1680.jpg,0
cat1681.jpg,0
cat1682.jpg,0
cat1683.jpg,0
cat1684.jpg,0
cat1685.jpg,0
cat1686.jpg,0
cat1687.jpg,0
cat1688.jpg,0
cat1689.jpg,0
cat1690.jpg,0
cat1691.jpg,0
cat1692.jpg,0
cat1693.jpg,0
cat1694.jpg,0
cat1695.jpg,0
cat1696.jpg,0
cat1697.jpg,0
cat1698.jpg,0
cat1699.jpg,0
cat1700.jpg,0
cat1701.jpg,0
cat1702.jpg,0
cat1703.jpg,0
cat1704.jpg,0
cat1705.jpg,0
cat1706.jpg,0
cat1707.jpg,0
cat1708.jpg,0
cat1709.jpg,0
cat1710.jpg,0
cat1711.jpg,0
cat1712.jpg,0
cat1713.jpg,0
cat1714.jpg,0
cat1715.jpg,0
cat1716.jpg,0
cat1717.jpg,0
cat1718.jpg,0
cat1719.jpg,0
cat1720.jpg,0
cat1721.jpg,0
cat1722.jpg,0
cat1723.jpg,0
cat1724.jpg,0
cat1725.jpg,0
cat1726.jpg,0
cat1727.jpg,0
cat1728.jpg,0
cat1729.jpg,0
cat1730.jpg,0
cat1731.jpg,0
cat1732.jpg,0
cat1733.jpg,0
cat1734.jpg,0
cat1735.jpg,0
cat1736.jpg,0
cat1737.jpg,0
cat1738.jpg,0
cat1739.jpg,0
cat1740.jpg,0
cat1741.jpg,0
cat1742.jpg,0
cat1743.jpg,0
cat1744.jpg,0
cat1745.jpg,0
cat1746.jpg,0
cat1747.jpg,0
cat1748.jpg,0
cat1749.jpg,0
cat1750.jpg,0
cat1751.jpg,0
cat1752.jpg,0
cat1753.jpg,0
cat1754.jpg,0
cat1755.jpg,0
cat1756.jpg,0
cat1757.jpg,0
cat1758.jpg,0
cat1759.jpg,0
cat1760.jpg,0
cat1761.jpg,0
cat1762.jpg,0
cat1763.jpg,0
cat1764.jpg,0
cat1765.jpg,0
cat1766.jpg,0
cat1767.jpg,0
cat1768.jpg,0
cat1769.jpg,0
cat1770.jpg,0
cat1771.jpg,0
cat1772.jpg,0
cat1773.jpg,0
cat1774.jpg,0
cat1775.jpg,0
cat1776.jpg,0
cat1777.jpg,0
cat1778.jpg,0
cat1779.jpg,0
cat1780.jpg,0
cat1781.jpg,0
cat1782.jpg,0
cat1783.jpg,0
cat1784.jpg,0
cat1785.jpg,0
cat1786.jpg,0
cat1787.jpg,0
cat1788.jpg,0
cat1789.jpg,0
cat1790.jpg,0
cat1791.jpg,0
cat1792.jpg,0
cat1793.jpg,0
cat1794.jpg,0
cat1795.jpg,0
cat1796.jpg,0
cat1797.jpg,0
cat1798.jpg,0
cat1799.jpg,0
cat1800.jpg,0
cat1801.jpg,0
cat1802.jpg,0
cat1803.jpg,0
cat1804.jpg,0
cat1805.jpg,0
cat1806.jpg,0
cat1807.jpg,0
cat1808.jpg,0
cat1809.jpg,0
cat1810.jpg,0
cat1811.jpg,0
cat1812.jpg,0
cat1813.jpg,0
cat1814.jpg,0
cat1815.jpg,0
cat1816.jpg,0
cat1817.jpg,0
cat1818.jpg,0
cat1819.jpg,0
cat1820.jpg,0
cat1821.jpg,0
cat1822.jpg,0
cat1823.jpg,0
cat1824.jpg,0
cat1825.jpg,0
cat1826.jpg,0
cat1827.jpg,0
cat1828.jpg,0
cat1829.jpg,0
cat1830.jpg,0
cat1831.jpg,0
cat1832.jpg,0
cat1833.jpg,0
cat1834.jpg,0
cat1835.jpg,0
cat1836.jpg,0
cat1837.jpg,0
cat1838.jpg,0
cat1839.jpg,0
cat1840.jpg,0
cat1841.jpg,0
cat1842.jpg,0
cat1843.jpg,0
cat1844.jpg,0
cat1845.jpg,0
cat1846.jpg,0
cat1847.jpg,0
cat1848.jpg,0
cat1849.jpg,0
cat1850.jpg,0
cat1851.jpg,0
cat1852.jpg,0
cat1853.jpg,0
cat1854.jpg,0
cat1855.jpg,0
cat1856.jpg,0
cat1857.jpg,0
cat1858.jpg,0
cat1859.jpg,0
cat1860.jpg,0
cat1861.jpg,0
cat1862.jpg,0
cat1863.jpg,0
cat1864.jpg,0
cat1865.jpg,0
cat1866.jpg,0
cat1867.jpg,0
cat1868.jpg,0
cat1869.jpg,0
cat1870.jpg,0
cat1871.jpg,0
cat1872.jpg,0
cat1873.jpg,0
cat1874.jpg,0
cat1875.jpg,0
cat1876.jpg,0
cat1877.jpg,0
cat1878.jpg,0
cat1879.jpg,0
cat1880.jpg,0
cat1881.jpg,0
cat1882.jpg,0
cat1883.jpg,0
cat1884.jpg,0
cat1885.jpg,0
cat1886.jpg,0
cat1887.jpg,0
cat1888.jpg,0
cat1889.jpg,0
cat1890.jpg,0
cat1891.jpg,0
cat1892.jpg,0
cat1893.jpg,0
cat1894.jpg,0
cat1895.jpg,0
cat1896.jpg,0
cat1897.jpg,0
cat1898.jpg,0
cat1899.jpg,0
cat1900.jpg,0
cat1901.jpg,0
cat1902.jpg,0
cat1903.jpg,0
cat1904.jpg,0
cat1905.jpg,0
cat1906.jpg,0
cat1907.jpg,0
cat1908.jpg,0
cat1909.jpg,0
cat1910.jpg,0
cat1911.jpg,0
cat1912.jpg,0
cat1913.jpg,0
cat1914.jpg,0
cat1915.jpg,0
cat1916.jpg,0
cat1917.jpg,0
cat1918.jpg,0
cat1919.jpg,0
cat1920.jpg,0
cat1921.jpg,0
cat1922.jpg,0
cat1923.jpg,0
cat1924.jpg,0
cat1925.jpg,0
cat1926.jpg,0
cat1927.jpg,0
cat1928.jpg,0
cat1929.jpg,0
cat1930.jpg,0
cat1931.jpg,0
cat1932.jpg,0
cat1933.jpg,0
cat1934.jpg,0
cat1935.jpg,0
cat1936.jpg,0
cat1937.jpg,0
cat1938.jpg,0
cat1939.jpg,0
cat1940.jpg,0
cat1941.jpg,0
cat1942.jpg,0
cat1943.jpg,0
cat1944.jpg,0
cat1945.jpg,0
cat1946.jpg,0
cat1947.jpg,0
cat1948.jpg,0
cat1949.jpg,0
cat1950.jpg,0
cat1951.jpg,0
cat1952.jpg,0
cat1953.jpg,0
cat1954.jpg,0
cat1955.jpg,0
cat1956.jpg,0
cat1957.jpg,0
cat1958.jpg,0
cat1959.jpg,0
cat1960.jpg,0
cat1961.jpg,0
cat1962.jpg,0
cat1963.jpg,0
cat1964.jpg,0
cat1965.jpg,0
cat1966.jpg,0
cat1967.jpg,0
cat1968.jpg,0
cat1969.jpg,0
cat1970.jpg,0
cat1971.jpg,0
cat1972.jpg,0
cat1973.jpg,0
cat1974.jpg,0
cat1975.jpg,0
cat1976.jpg,0
cat1977.jpg,0
cat1978.jpg,0
cat1979.jpg,0
cat1980.jpg,0
cat1981.jpg,0
cat1982.jpg,0
cat1983.jpg,0
cat1984.jpg,0
cat1985.jpg,0
cat1986.jpg,0
cat1987.jpg,0
cat1988.jpg,0
cat1989.jpg,0
cat1990.jpg,0
cat1991.jpg,0
cat1992.jpg,0
cat1993.jpg,0
cat1994.jpg,0
cat1995.jpg,0
cat1996.jpg,0
cat1997.jpg,0
cat1998.jpg,0
cat1999.jpg,0
cat2000.jpg,0
cat2001.jpg,0
cat2002.jpg,0
cat2003.jpg,0
cat2004.jpg,0
cat2005.jpg,0
cat2006.jpg,0
cat2007.jpg,0
cat2008.jpg,0
cat2009.jpg,0
cat2010.jpg,0
cat2011.jpg,0
cat2012.jpg,0
cat2013.jpg,0
cat2014.jpg,0
cat2015.jpg,0
cat2016.jpg,0
cat2017.jpg,0
cat2018.jpg,0
cat2019.jpg,0
cat2020.jpg,0
cat2021.jpg,0
cat2022.jpg,0
cat2023.jpg,0
cat2024.jpg,0
cat2025.jpg,0
cat2026.jpg,0
cat2027.jpg,0
cat2028.jpg,0
cat2029.jpg,0
cat2030.jpg,0
cat2031.jpg,0
cat2032.jpg,0
cat2033.jpg,0
cat2034.jpg,0
cat2035.jpg,0
cat2036.jpg,0
cat2037.jpg,0
cat2038.jpg,0
cat2039.jpg,0
cat2040.jpg,0
cat2041.jpg,0
cat2042.jpg,0
cat2043.jpg,0
cat2044.jpg,0
cat2045.jpg,0
cat2046.jpg,0
cat2047.jpg,0
cat2048.jpg,0
cat2049.jpg,0
cat2050.jpg,0
cat2051.jpg,0
cat2052.jpg,0
cat2053.jpg,0
cat2054.jpg,0
cat2055.jpg,0
cat2056.jpg,0
cat2057.jpg,0
cat2058.jpg,0
cat2059.jpg,0
cat2060.jpg,0
cat2061.jpg,0
cat2062.jpg,0
cat2063.jpg,0
cat2064.jpg,0
cat2065.jpg,0
cat2066.jpg,0
cat2067.jpg,0
cat2068.jpg,0
cat2069.jpg,0
cat2070.jpg,0
cat2071.jpg,0
cat2072.jpg,0
cat2073.jpg,0
cat2074.jpg,0
cat2075.jpg,0
cat2076.jpg,0
cat2077.jpg,0
cat2078.jpg,0
cat2079.jpg,0
cat2080.jpg,0
cat2081.jpg,0
cat2082.jpg,0
cat2083.jpg,0
cat2084.jpg,0
cat2085.jpg,0
cat2086.jpg,0
cat2087.jpg,0
cat2088.jpg,0
cat2089.jpg,0
cat2090.jpg,0
cat2091.jpg,0
cat2092.jpg,0
cat2093.jpg,0
cat2094.jpg,0
cat2095.jpg,0
cat2096.jpg,0
cat2097.jpg,0
cat2098.jpg,0
cat2099.jpg,0
cat2100.jpg,0
cat2101.jpg,0
cat2102.jpg,0
cat2103.jpg,0
cat2104.jpg,0
cat2105.jpg,0
cat2106.jpg,0
cat2107.jpg,0
cat2108.jpg,0
cat2109.jpg,0
cat2110.jpg,0
cat2111.jpg,0
cat2112.jpg,0
cat2113.jpg,0
cat2114.jpg,0
cat2115.jpg,0
cat2116.jpg,0
cat2117.jpg,0
cat2118.jpg,0
cat2119.jpg,0
cat2120.jpg,0
cat2121.jpg,0
cat2122.jpg,0
cat2123.jpg,0
cat2124.jpg,0
cat2125.jpg,0
cat2126.jpg,0
cat2127.jpg,0
cat2128.jpg,0
cat2129.jpg,0
cat2130.jpg,0
cat2131.jpg,0
cat2132.jpg,0
cat2133.jpg,0
cat2134.jpg,0
cat2135.jpg,0
cat2136.jpg,0
cat2137.jpg,0
cat2138.jpg,0
cat2139.jpg,0
cat2140.jpg,0
cat2141.jpg,0
cat2142.jpg,0
cat2143.jpg,0
cat2144.jpg,0
cat2145.jpg,0
cat2146.jpg,0
cat2147.jpg,0
cat2148.jpg,0
cat2149.jpg,0
cat2150.jpg,0
cat2151.jpg,0
cat2152.jpg,0
cat2153.jpg,0
cat2154.jpg,0
cat2155.jpg,0
cat2156.jpg,0
cat2157.jpg,0
cat2158.jpg,0
cat2159.jpg,0
cat2160.jpg,0
cat2161.jpg,0
cat2162.jpg,0
cat2163.jpg,0
cat2164.jpg,0
cat2165.jpg,0
cat2166.jpg,0
cat2167.jpg,0
cat2168.jpg,0
cat2169.jpg,0
cat2170.jpg,0
cat2171.jpg,0
cat2172.jpg,0
cat2173.jpg,0
cat2174.jpg,0
cat2175.jpg,0
cat2176.jpg,0
cat2177.jpg,0
cat2178.jpg,0
cat2179.jpg,0
cat2180.jpg,0
cat2181.jpg,0
cat2182.jpg,0
cat2183.jpg,0
cat2184.jpg,0
cat2185.jpg,0
cat2186.jpg,0
cat2187.jpg,0
cat2188.jpg,0
cat2189.jpg,0
cat2190.jpg,0
cat2191.jpg,0
cat2192.jpg,0
cat2193.jpg,0
cat2194.jpg,0
cat2195.jpg,0
cat2196.jpg,0
cat2197.jpg,0
cat2198.jpg,0
cat2199.jpg,0
cat2200.jpg,0
cat2201.jpg,0
cat2202.jpg,0
cat2203.jpg,0
cat2204.jpg,0
cat2205.jpg,0
cat2206.jpg,0
cat2207.jpg,0
cat2208.jpg,0
cat2209.jpg,0
cat2210.jpg,0
cat2211.jpg,0
cat2212.jpg,0
cat2213.jpg,0
cat2214.jpg,0
cat2215.jpg,0
cat2216.jpg,0
cat2217.jpg,0
cat2218.jpg,0
cat2219.jpg,0
cat2220.jpg,0
cat2221.jpg,0
cat2222.jpg,0
cat2223.jpg,0
cat2224.jpg,0
cat2225.jpg,0
cat2226.jpg,0
cat2227.jpg,0
cat2228.jpg,0
cat2229.jpg,0
cat2230.jpg,0
cat2231.jpg,0
cat2232.jpg,0
cat2233.jpg,0
cat2234.jpg,0
cat2235.jpg,0
cat2236.jpg,0
cat2237.jpg,0
cat2238.jpg,0
cat2239.jpg,0
cat2240.jpg,0
cat2241.jpg,0
cat2242.jpg,0
cat2243.jpg,0
cat2244.jpg,0
cat2245.jpg,0
cat2246.jpg,0
cat2247.jpg,0
cat2248.jpg,0
cat2249.jpg,0
cat2250.jpg,0
cat2251.jpg,0
cat2252.jpg,0
cat2253.jpg,0
cat2254.jpg,0
cat2255.jpg,0
cat2256.jpg,0
cat2257.jpg,0
cat2258.jpg,0
cat2259.jpg,0
cat2260.jpg,0
cat2261.jpg,0
cat2262.jpg,0
cat2263.jpg,0
cat2264.jpg,0
cat2265.jpg,0
cat2266.jpg,0
cat2267.jpg,0
cat2268.jpg,0
cat2269.jpg,0
cat2270.jpg,0
cat2271.jpg,0
cat2272.jpg,0
cat2273.jpg,0
cat2274.jpg,0
cat2275.jpg,0
cat2276.jpg,0
cat2277.jpg,0
cat2278.jpg,0
cat2279.jpg,0
cat2280.jpg,0
cat2281.jpg,0
cat2282.jpg,0
cat2283.jpg,0
cat2284.jpg,0
cat2285.jpg,0
cat2286.jpg,0
cat2287.jpg,0
cat2288.jpg,0
cat2289.jpg,0
cat2290.jpg,0
cat2291.jpg,0
cat2292.jpg,0
cat2293.jpg,0
cat2294.jpg,0
cat2295.jpg,0
cat2296.jpg,0
cat2297.jpg,0
cat2298.jpg,0
cat2299.jpg,0
cat2300.jpg,0
cat2301.jpg,0
cat2302.jpg,0
cat2303.jpg,0
cat2304.jpg,0
cat2305.jpg,0
cat2306.jpg,0
cat2307.jpg,0
cat2308.jpg,0
cat2309.jpg,0
cat2310.jpg,0
cat2311.jpg,0
cat2312.jpg,0
cat2313.jpg,0
cat2314.jpg,0
cat2315.jpg,0
cat2316.jpg,0
cat2317.jpg,0
cat2318.jpg,0
cat2319.jpg,0
cat2320.jpg,0
cat2321.jpg,0
cat2322.jpg,0
cat2323.jpg,0
cat2324.jpg,0
cat2325.jpg,0
cat2326.jpg,0
cat2327.jpg,0
cat2328.jpg,0
cat2329.jpg,0
cat2330.jpg,0
cat2331.jpg,0
cat2332.jpg,0
cat2333.jpg,0
cat2334.jpg,0
cat2335.jpg,0
cat2336.jpg,0
cat2337.jpg,0
cat2338.jpg,0
cat2339.jpg,0
cat2340.jpg,0
cat2341.jpg,0
cat2342.jpg,0
cat2343.jpg,0
cat2344.jpg,0
cat2345.jpg,0
cat2346.jpg,0
cat2347.jpg,0
cat2348.jpg,0
cat2349.jpg,0
cat2350.jpg,0
cat2351.jpg,0
cat2352.jpg,0
cat2353.jpg,0
cat2354.jpg,0
cat2355.jpg,0
cat2356.jpg,0
cat2357.jpg,0
cat2358.jpg,0
cat2359.jpg,0
cat2360.jpg,0
cat2361.jpg,0
cat2362.jpg,0
cat2363.jpg,0
cat2364.jpg,0
cat2365.jpg,0
cat2366.jpg,0
cat2367.jpg,0
cat2368.jpg,0
cat2369.jpg,0
cat2370.jpg,0
cat2371.jpg,0
cat2372.jpg,0
cat2373.jpg,0
cat2374.jpg,0
cat2375.jpg,0
cat2376.jpg,0
cat2377.jpg,0
cat2378.jpg,0
cat2379.jpg,0
cat2380.jpg,0
cat2381.jpg,0
cat2382.jpg,0
cat2383.jpg,0
cat2384.jpg,0
cat2385.jpg,0
cat2386.jpg,0
cat2387.jpg,0
cat2388.jpg,0
cat2389.jpg,0
cat2390.jpg,0
cat2391.jpg,0
cat2392.jpg,0
cat2393.jpg,0
cat2394.jpg,0
cat2395.jpg,0
cat2396.jpg,0
cat2397.jpg,0
cat2398.jpg,0
cat2399.jpg,0
cat2400.jpg,0
cat2401.jpg,0
cat2402.jpg,0
cat2403.jpg,0
cat2404.jpg,0
cat2405.jpg,0
cat2406.jpg,0
cat2407.jpg,0
cat2408.jpg,0
cat2409.jpg,0
cat2410.jpg,0
cat2411.jpg,0
cat2412.jpg,0
cat2413.jpg,0
cat2414.jpg,0
cat2415.jpg,0
cat2416.jpg,0
cat2417.jpg,0
cat2418.jpg,0
cat2419.jpg,0
cat2420.jpg,0
cat2421.jpg,0
cat2422.jpg,0
cat2423.jpg,0
cat2424.jpg,0
cat2425.jpg,0
cat2426.jpg,0
cat2427.jpg,0
cat2428.jpg,0
cat2429.jpg,0
cat2430.jpg,0
cat2431.jpg,0
cat2432.jpg,0
cat2433.jpg,0
cat2434.jpg,0
cat2435.jpg,0
cat2436.jpg,0
cat2437.jpg,0
cat2438.jpg,0
cat2439.jpg,0
cat2440.jpg,0
cat2441.jpg,0
cat2442.jpg,0
cat2443.jpg,0
cat2444.jpg,0
cat2445.jpg,0
cat2446.jpg,0
cat2447.jpg,0
cat2448.jpg,0
cat2449.jpg,0
cat2450.jpg,0
cat2451.jpg,0
cat2452.jpg,0
cat2453.jpg,0
cat2454.jpg,0
cat2455.jpg,0
cat2456.jpg,0
cat2457.jpg,0
cat2458.jpg,0
cat2459.jpg,0
cat2460.jpg,0
cat2461.jpg,0
cat2462.jpg,0
cat2463.jpg,0
cat2464.jpg,0
cat2465.jpg,0
cat2466.jpg,0
cat2467.jpg,0
cat2468.jpg,0
cat2469.jpg,0
cat2470.jpg,0
cat2471.jpg,0
cat2472.jpg,0
cat2473.jpg,0
cat2474.jpg,0
cat2475.jpg,0
cat2476.jpg,0
cat2477.jpg,0
cat2478.jpg,0
cat2479.jpg,0
cat2480.jpg,0
cat2481.jpg,0
cat2482.jpg,0
cat2483.jpg,0
cat2484.jpg,0
cat2485.jpg,0
cat2486.jpg,0
cat2487.jpg,0
cat2488.jpg,0
cat2489.jpg,0
cat2490.jpg,0
cat2491.jpg,0
cat2492.jpg,0
cat2493.jpg,0
cat2494.jpg,0
cat2495.jpg,0
cat2496.jpg,0
cat2497.jpg,0
cat2498.jpg,0
cat2499.jpg,0
cat2500.jpg,0
cat2501.jpg,0
cat2502.jpg,0
cat2503.jpg,0
cat2504.jpg,0
cat2505.jpg,0
cat2506.jpg,0
cat2507.jpg,0
cat2508.jpg,0
cat2509.jpg,0
cat2510.jpg,0
cat2511.jpg,0
cat2512.jpg,0
cat2513.jpg,0
cat2514.jpg,0
cat2515.jpg,0
cat2516.jpg,0
cat2517.jpg,0
cat2518.jpg,0
cat2519.jpg,0
cat2520.jpg,0
cat2521.jpg,0
cat2522.jpg,0
cat2523.jpg,0
cat2524.jpg,0
cat2525.jpg,0
cat2526.jpg,0
cat2527.jpg,0
cat2528.jpg,0
cat2529.jpg,0
cat2530.jpg,0
cat2531.jpg,0
cat2532.jpg,0
cat2533.jpg,0
cat2534.jpg,0
cat2535.jpg,0
cat2536.jpg,0
cat2537.jpg,0
cat2538.jpg,0
cat2539.jpg,0
cat2540.jpg,0
cat2541.jpg,0
cat2542.jpg,0
cat2543.jpg,0
cat2544.jpg,0
cat2545.jpg,0
cat2546.jpg,0
cat2547.jpg,0
cat2548.jpg,0
cat2549.jpg,0
cat2550.jpg,0
cat2551.jpg,0
cat2552.jpg,0
cat2553.jpg,0
cat2554.jpg,0
cat2555.jpg,0
cat2556.jpg,0
cat2557.jpg,0
cat2558.jpg,0
cat2559.jpg,0
cat2560.jpg,0
cat2561.jpg,0
cat2562.jpg,0
cat2563.jpg,0
cat2564.jpg,0
cat2565.jpg,0
cat2566.jpg,0
cat2567.jpg,0
cat2568.jpg,0
cat2569.jpg,0
cat2570.jpg,0
cat2571.jpg,0
cat2572.jpg,0
cat2573.jpg,0
cat2574.jpg,0
cat2575.jpg,0
cat2576.jpg,0
cat2577.jpg,0
cat2578.jpg,0
cat2579.jpg,0
cat2580.jpg,0
cat2581.jpg,0
cat2582.jpg,0
cat2583.jpg,0
cat2584.jpg,0
cat2585.jpg,0
cat2586.jpg,0
cat2587.jpg,0
cat2588.jpg,0
cat2589.jpg,0
cat2590.jpg,0
cat2591.jpg,0
cat2592.jpg,0
cat2593.jpg,0
cat2594.jpg,0
cat2595.jpg,0
cat2596.jpg,0
cat2597.jpg,0
cat2598.jpg,0
cat2599.jpg,0
cat2600.jpg,0
cat2601.jpg,0
cat2602.jpg,0
cat2603.jpg,0
cat2604.jpg,0
cat2605.jpg,0
cat2606.jpg,0
cat2607.jpg,0
cat2608.jpg,0
cat2609.jpg,0
cat2610.jpg,0
cat2611.jpg,0
cat2612.jpg,0
cat2613.jpg,0
cat2614.jpg,0
cat2615.jpg,0
cat2616.jpg,0
cat2617.jpg,0
cat2618.jpg,0
cat2619.jpg,0
cat2620.jpg,0
cat2621.jpg,0
cat2622.jpg,0
cat2623.jpg,0
cat2624.jpg,0
cat2625.jpg,0
cat2626.jpg,0
cat2627.jpg,0
cat2628.jpg,0
cat2629.jpg,0
cat2630.jpg,0
cat2631.jpg,0
cat2632.jpg,0
cat2633.jpg,0
cat2634.jpg,0
cat2635.jpg,0
cat2636.jpg,0
cat2637.jpg,0
cat2638.jpg,0
cat2639.jpg,0
cat2640.jpg,0
cat2641.jpg,0
cat2642.jpg,0
cat2643.jpg,0
cat2644.jpg,0
cat2645.jpg,0
cat2646.jpg,0
cat2647.jpg,0
cat2648.jpg,0
cat2649.jpg,0
cat2650.jpg,0
cat2651.jpg,0
cat2652.jpg,0
cat2653.jpg,0
cat2654.jpg,0
cat2655.jpg,0
cat2656.jpg,0
cat2657.jpg,0
cat2658.jpg,0
cat2659.jpg,0
cat2660.jpg,0
cat2661.jpg,0
cat2662.jpg,0
cat2663.jpg,0
cat2664.jpg,0
cat2665.jpg,0
cat2666.jpg,0
cat2667.jpg,0
cat2668.jpg,0
cat2669.jpg,0
cat2670.jpg,0
cat2671.jpg,0
cat2672.jpg,0
cat2673.jpg,0
cat2674.jpg,0
cat2675.jpg,0
cat2676.jpg,0
cat2677.jpg,0
cat2678.jpg,0
cat2679.jpg,0
cat2680.jpg,0
cat2681.jpg,0
cat2682.jpg,0
cat2683.jpg,0
cat2684.jpg,0
cat2685.jpg,0
cat2686.jpg,0
cat2687.jpg,0
cat2688.jpg,0
cat2689.jpg,0
cat2690.jpg,0
cat2691.jpg,0
cat2692.jpg,0
cat2693.jpg,0
cat2694.jpg,0
cat2695.jpg,0
cat2696.jpg,0
cat2697.jpg,0
cat2698.jpg,0
cat2699.jpg,0
cat2700.jpg,0
cat2701.jpg,0
cat2702.jpg,0
cat2703.jpg,0
cat2704.jpg,0
cat2705.jpg,0
cat2706.jpg,0
cat2707.jpg,0
cat2708.jpg,0
cat2709.jpg,0
cat2710.jpg,0
cat2711.jpg,0
cat2712.jpg,0
cat2713.jpg,0
cat2714.jpg,0
cat2715.jpg,0
cat2716.jpg,0
cat2717.jpg,0
cat2718.jpg,0
cat2719.jpg,0
cat2720.jpg,0
cat2721.jpg,0
cat2722.jpg,0
cat2723.jpg,0
cat2724.jpg,0
cat2725.jpg,0
cat2726.jpg,0
cat2727.jpg,0
cat2728.jpg,0
cat2729.jpg,0
cat2730.jpg,0
cat2731.jpg,0
cat2732.jpg,0
cat2733.jpg,0
cat2734.jpg,0
cat2735.jpg,0
cat2736.jpg,0
cat2737.jpg,0
cat2738.jpg,0
cat2739.jpg,0
cat2740.jpg,0
cat2741.jpg,0
cat2742.jpg,0
cat2743.jpg,0
cat2744.jpg,0
cat2745.jpg,0
cat2746.jpg,0
cat2747.jpg,0
cat2748.jpg,0
cat2749.jpg,0
cat2750.jpg,0
cat2751.jpg,0
cat2752.jpg,0
cat2753.jpg,0
cat2754.jpg,0
cat2755.jpg,0
cat2756.jpg,0
cat2757.jpg,0
cat2758.jpg,0
cat2759.jpg,0
cat2760.jpg,0
cat2761.jpg,0
cat2762.jpg,0
cat2763.jpg,0
cat2764.jpg,0
cat2765.jpg,0
cat2766.jpg,0
cat2767.jpg,0
cat2768.jpg,0
cat2769.jpg,0
cat2770.jpg,0
cat2771.jpg,0
cat2772.jpg,0
cat2773.jpg,0
cat2774.jpg,0
cat2775.jpg,0
cat2776.jpg,0
cat2777.jpg,0
cat2778.jpg,0
cat2779.jpg,0
cat2780.jpg,0
cat2781.jpg,0
cat2782.jpg,0
cat2783.jpg,0
cat2784.jpg,0
cat2785.jpg,0
cat2786.jpg,0
cat2787.jpg,0
cat2788.jpg,0
cat2789.jpg,0
cat2790.jpg,0
cat2791.jpg,0
cat2792.jpg,0
cat2793.jpg,0
cat2794.jpg,0
cat2795.jpg,0
cat2796.jpg,0
cat2797.jpg,0
cat2798.jpg,0
cat2799.jpg,0
cat2800.jpg,0
cat2801.jpg,0
cat2802.jpg,0
cat2803.jpg,0
cat2804.jpg,0
cat2805.jpg,0
cat2806.jpg,0
cat2807.jpg,0
cat2808.jpg,0
cat2809.jpg,0
cat2810.jpg,0
cat2811.jpg,0
cat2812.jpg,0
cat2813.jpg,0
cat2814.jpg,0
cat2815.jpg,0
cat2816.jpg,0
cat2817.jpg,0
cat2818.jpg,0
cat2819.jpg,0
cat2820.jpg,0
cat2821.jpg,0
cat2822.jpg,0
cat2823.jpg,0
cat2824.jpg,0
cat2825.jpg,0
cat2826.jpg,0
cat2827.jpg,0
cat2828.jpg,0
cat2829.jpg,0
cat2830.jpg,0
cat2831.jpg,0
cat2832.jpg,0
cat2833.jpg,0
cat2834.jpg,0
cat2835.jpg,0
cat2836.jpg,0
cat2837.jpg,0
cat2838.jpg,0
cat2839.jpg,0
cat2840.jpg,0
cat2841.jpg,0
cat2842.jpg,0
cat2843.jpg,0
cat2844.jpg,0
cat2845.jpg,0
cat2846.jpg,0
cat2847.jpg,0
cat2848.jpg,0
cat2849.jpg,0
cat2850.jpg,0
cat2851.jpg,0
cat2852.jpg,0
cat2853.jpg,0
cat2854.jpg,0
cat2855.jpg,0
cat2856.jpg,0
cat2857.jpg,0
cat2858.jpg,0
cat2859.jpg,0
cat2860.jpg,0
cat2861.jpg,0
cat2862.jpg,0
cat2863.jpg,0
cat2864.jpg,0
cat2865.jpg,0
cat2866.jpg,0
cat2867.jpg,0
cat2868.jpg,0
cat2869.jpg,0
cat2870.jpg,0
cat2871.jpg,0
cat2872.jpg,0
cat2873.jpg,0
cat2874.jpg,0
cat2875.jpg,0
cat2876.jpg,0
cat2877.jpg,0
cat2878.jpg,0
cat2879.jpg,0
cat2880.jpg,0
cat2881.jpg,0
cat2882.jpg,0
cat2883.jpg,0
cat2884.jpg,0
cat2885.jpg,0
cat2886.jpg,0
cat2887.jpg,0
cat2888.jpg,0
cat2889.jpg,0
cat2890.jpg,0
cat2891.jpg,0
cat2892.jpg,0
cat2893.jpg,0
cat2894.jpg,0
cat2895.jpg,0
cat2896.jpg,0
cat2897.jpg,0
cat2898.jpg,0
cat2899.jpg,0
cat2900.jpg,0
cat2901.jpg,0
cat2902.jpg,0
cat2903.jpg,0
cat2904.jpg,0
cat2905.jpg,0
cat2906.jpg,0
cat2907.jpg,0
cat2908.jpg,0
cat2909.jpg,0
cat2910.jpg,0
cat2911.jpg,0
cat2912.jpg,0
cat2913.jpg,0
cat2914.jpg,0
cat2915.jpg,0
cat2916.jpg,0
cat2917.jpg,0
cat2918.jpg,0
cat2919.jpg,0
cat2920.jpg,0
cat2921.jpg,0
cat2922.jpg,0
cat2923.jpg,0
cat2924.jpg,0
cat2925.jpg,0
cat2926.jpg,0
cat2927.jpg,0
cat2928.jpg,0
cat2929.jpg,0
cat2930.jpg,0
cat2931.jpg,0
cat2932.jpg,0
cat2933.jpg,0
cat2934.jpg,0
cat2935.jpg,0
cat2936.jpg,0
cat2937.jpg,0
cat2938.jpg,0
cat2939.jpg,0
cat2940.jpg,0
cat2941.jpg,0
cat2942.jpg,0
cat2943.jpg,0
cat2944.jpg,0
cat2945.jpg,0
cat2946.jpg,0
cat2947.jpg,0
cat2948.jpg,0
cat2949.jpg,0
cat2950.jpg,0
cat2951.jpg,0
cat2952.jpg,0
cat2953.jpg,0
cat2954.jpg,0
cat2955.jpg,0
cat2956.jpg,0
cat2957.jpg,0
cat2958.jpg,0
cat2959.jpg,0
cat2960.jpg,0
cat2961.jpg,0
cat2962.jpg,0
cat2963.jpg,0
cat2964.jpg,0
cat2965.jpg,0
cat2966.jpg,0
cat2967.jpg,0
cat2968.jpg,0
cat2969.jpg,0
cat2970.jpg,0
cat2971.jpg,0
cat2972.jpg,0
cat2973.jpg,0
cat2974.jpg,0
cat2975.jpg,0
cat2976.jpg,0
cat2977.jpg,0
cat2978.jpg,0
cat2979.jpg,0
cat2980.jpg,0
cat2981.jpg,0
cat2982.jpg,0
cat2983.jpg,0
cat2984.jpg,0
cat2985.jpg,0
cat2986.jpg,0
cat2987.jpg,0
cat2988.jpg,0
cat2989.jpg,0
cat2990.jpg,0
cat2991.jpg,0
cat2992.jpg,0
cat2993.jpg,0
cat2994.jpg,0
cat2995.jpg,0
cat2996.jpg,0
cat2997.jpg,0
cat2998.jpg,0
cat2999.jpg,0
dog0.jpg,1
dog1.jpg,1
dog2.jpg,1
dog3.jpg,1
dog4.jpg,1
dog5.jpg,1
dog6.jpg,1
dog7.jpg,1
dog8.jpg,1
dog9.jpg,1
dog10.jpg,1
dog11.jpg,1
dog12.jpg,1
dog13.jpg,1
dog14.jpg,1
dog15.jpg,1
dog16.jpg,1
dog17.jpg,1
dog18.jpg,1
dog19.jpg,1
dog20.jpg,1
dog21.jpg,1
dog22.jpg,1
dog23.jpg,1
dog24.jpg,1
dog25.jpg,1
dog26.jpg,1
dog27.jpg,1
dog28.jpg,1
dog29.jpg,1
dog30.jpg,1
dog31.jpg,1
dog32.jpg,1
dog33.jpg,1
dog34.jpg,1
dog35.jpg,1
dog36.jpg,1
dog37.jpg,1
dog38.jpg,1
dog39.jpg,1
dog40.jpg,1
dog41.jpg,1
dog42.jpg,1
dog43.jpg,1
dog44.jpg,1
dog45.jpg,1
dog46.jpg,1
dog47.jpg,1
dog48.jpg,1
dog49.jpg,1
dog50.jpg,1
dog51.jpg,1
dog52.jpg,1
dog53.jpg,1
dog54.jpg,1
dog55.jpg,1
dog56.jpg,1
dog57.jpg,1
dog58.jpg,1
dog59.jpg,1
dog60.jpg,1
dog61.jpg,1
dog62.jpg,1
dog63.jpg,1
dog64.jpg,1
dog65.jpg,1
dog66.jpg,1
dog67.jpg,1
dog68.jpg,1
dog69.jpg,1
dog70.jpg,1
dog71.jpg,1
dog72.jpg,1
dog73.jpg,1
dog74.jpg,1
dog75.jpg,1
dog76.jpg,1
dog77.jpg,1
dog78.jpg,1
dog79.jpg,1
dog80.jpg,1
dog81.jpg,1
dog82.jpg,1
dog83.jpg,1
dog84.jpg,1
dog85.jpg,1
dog86.jpg,1
dog87.jpg,1
dog88.jpg,1
dog89.jpg,1
dog90.jpg,1
dog91.jpg,1
dog92.jpg,1
dog93.jpg,1
dog94.jpg,1
dog95.jpg,1
dog96.jpg,1
dog97.jpg,1
dog98.jpg,1
dog99.jpg,1
dog100.jpg,1
dog101.jpg,1
dog102.jpg,1
dog103.jpg,1
dog104.jpg,1
dog105.jpg,1
dog106.jpg,1
dog107.jpg,1
dog108.jpg,1
dog109.jpg,1
dog110.jpg,1
dog111.jpg,1
dog112.jpg,1
dog113.jpg,1
dog114.jpg,1
dog115.jpg,1
dog116.jpg,1
dog117.jpg,1
dog118.jpg,1
dog119.jpg,1
dog120.jpg,1
dog121.jpg,1
dog122.jpg,1
dog123.jpg,1
dog124.jpg,1
dog125.jpg,1
dog126.jpg,1
dog127.jpg,1
dog128.jpg,1
dog129.jpg,1
dog130.jpg,1
dog131.jpg,1
dog132.jpg,1
dog133.jpg,1
dog134.jpg,1
dog135.jpg,1
dog136.jpg,1
dog137.jpg,1
dog138.jpg,1
dog139.jpg,1
dog140.jpg,1
dog141.jpg,1
dog142.jpg,1
dog143.jpg,1
dog144.jpg,1
dog145.jpg,1
dog146.jpg,1
dog147.jpg,1
dog148.jpg,1
dog149.jpg,1
dog150.jpg,1
dog151.jpg,1
dog152.jpg,1
dog153.jpg,1
dog154.jpg,1
dog155.jpg,1
dog156.jpg,1
dog157.jpg,1
dog158.jpg,1
dog159.jpg,1
dog160.jpg,1
dog161.jpg,1
dog162.jpg,1
dog163.jpg,1
dog164.jpg,1
dog165.jpg,1
dog166.jpg,1
dog167.jpg,1
dog168.jpg,1
dog169.jpg,1
dog170.jpg,1
dog171.jpg,1
dog172.jpg,1
dog173.jpg,1
dog174.jpg,1
dog175.jpg,1
dog176.jpg,1
dog177.jpg,1
dog178.jpg,1
dog179.jpg,1
dog180.jpg,1
dog181.jpg,1
dog182.jpg,1
dog183.jpg,1
dog184.jpg,1
dog185.jpg,1
dog186.jpg,1
dog187.jpg,1
dog188.jpg,1
dog189.jpg,1
dog190.jpg,1
dog191.jpg,1
dog192.jpg,1
dog193.jpg,1
dog194.jpg,1
dog195.jpg,1
dog196.jpg,1
dog197.jpg,1
dog198.jpg,1
dog199.jpg,1
dog200.jpg,1
dog201.jpg,1
dog202.jpg,1
dog203.jpg,1
dog204.jpg,1
dog205.jpg,1
dog206.jpg,1
dog207.jpg,1
dog208.jpg,1
dog209.jpg,1
dog210.jpg,1
dog211.jpg,1
dog212.jpg,1
dog213.jpg,1
dog214.jpg,1
dog215.jpg,1
dog216.jpg,1
dog217.jpg,1
dog218.jpg,1
dog219.jpg,1
dog220.jpg,1
dog221.jpg,1
dog222.jpg,1
dog223.jpg,1
dog224.jpg,1
dog225.jpg,1
dog226.jpg,1
dog227.jpg,1
dog228.jpg,1
dog229.jpg,1
dog230.jpg,1
dog231.jpg,1
dog232.jpg,1
dog233.jpg,1
dog234.jpg,1
dog235.jpg,1
dog236.jpg,1
dog237.jpg,1
dog238.jpg,1
dog239.jpg,1
dog240.jpg,1
dog241.jpg,1
dog242.jpg,1
dog243.jpg,1
dog244.jpg,1
dog245.jpg,1
dog246.jpg,1
dog247.jpg,1
dog248.jpg,1
dog249.jpg,1
dog250.jpg,1
dog251.jpg,1
dog252.jpg,1
dog253.jpg,1
dog254.jpg,1
dog255.jpg,1
dog256.jpg,1
dog257.jpg,1
dog258.jpg,1
dog259.jpg,1
dog260.jpg,1
dog261.jpg,1
dog262.jpg,1
dog263.jpg,1
dog264.jpg,1
dog265.jpg,1
dog266.jpg,1
dog267.jpg,1
dog268.jpg,1
dog269.jpg,1
dog270.jpg,1
dog271.jpg,1
dog272.jpg,1
dog273.jpg,1
dog274.jpg,1
dog275.jpg,1
dog276.jpg,1
dog277.jpg,1
dog278.jpg,1
dog279.jpg,1
dog280.jpg,1
dog281.jpg,1
dog282.jpg,1
dog283.jpg,1
dog284.jpg,1
dog285.jpg,1
dog286.jpg,1
dog287.jpg,1
dog288.jpg,1
dog289.jpg,1
dog290.jpg,1
dog291.jpg,1
dog292.jpg,1
dog293.jpg,1
dog294.jpg,1
dog295.jpg,1
dog296.jpg,1
dog297.jpg,1
dog298.jpg,1
dog299.jpg,1
dog300.jpg,1
dog301.jpg,1
dog302.jpg,1
dog303.jpg,1
dog304.jpg,1
dog305.jpg,1
dog306.jpg,1
dog307.jpg,1
dog308.jpg,1
dog309.jpg,1
dog310.jpg,1
dog311.jpg,1
dog312.jpg,1
dog313.jpg,1
dog314.jpg,1
dog315.jpg,1
dog316.jpg,1
dog317.jpg,1
dog318.jpg,1
dog319.jpg,1
dog320.jpg,1
dog321.jpg,1
dog322.jpg,1
dog323.jpg,1
dog324.jpg,1
dog325.jpg,1
dog326.jpg,1
dog327.jpg,1
dog328.jpg,1
dog329.jpg,1
dog330.jpg,1
dog331.jpg,1
dog332.jpg,1
dog333.jpg,1
dog334.jpg,1
dog335.jpg,1
dog336.jpg,1
dog337.jpg,1
dog338.jpg,1
dog339.jpg,1
dog340.jpg,1
dog341.jpg,1
dog342.jpg,1
dog343.jpg,1
dog344.jpg,1
dog345.jpg,1
dog346.jpg,1
dog347.jpg,1
dog348.jpg,1
dog349.jpg,1
dog350.jpg,1
dog351.jpg,1
dog352.jpg,1
dog353.jpg,1
dog354.jpg,1
dog355.jpg,1
dog356.jpg,1
dog357.jpg,1
dog358.jpg,1
dog359.jpg,1
dog360.jpg,1
dog361.jpg,1
dog362.jpg,1
dog363.jpg,1
dog364.jpg,1
dog365.jpg,1
dog366.jpg,1
dog367.jpg,1
dog368.jpg,1
dog369.jpg,1
dog370.jpg,1
dog371.jpg,1
dog372.jpg,1
dog373.jpg,1
dog374.jpg,1
dog375.jpg,1
dog376.jpg,1
dog377.jpg,1
dog378.jpg,1
dog379.jpg,1
dog380.jpg,1
dog381.jpg,1
dog382.jpg,1
dog383.jpg,1
dog384.jpg,1
dog385.jpg,1
dog386.jpg,1
dog387.jpg,1
dog388.jpg,1
dog389.jpg,1
dog390.jpg,1
dog391.jpg,1
dog392.jpg,1
dog393.jpg,1
dog394.jpg,1
dog395.jpg,1
dog396.jpg,1
dog397.jpg,1
dog398.jpg,1
dog399.jpg,1
dog400.jpg,1
dog401.jpg,1
dog402.jpg,1
dog403.jpg,1
dog404.jpg,1
dog405.jpg,1
dog406.jpg,1
dog407.jpg,1
dog408.jpg,1
dog409.jpg,1
dog410.jpg,1
dog411.jpg,1
dog412.jpg,1
dog413.jpg,1
dog414.jpg,1
dog415.jpg,1
dog416.jpg,1
dog417.jpg,1
dog418.jpg,1
dog419.jpg,1
dog420.jpg,1
dog421.jpg,1
dog422.jpg,1
dog423.jpg,1
dog424.jpg,1
dog425.jpg,1
dog426.jpg,1
dog427.jpg,1
dog428.jpg,1
dog429.jpg,1
dog430.jpg,1
dog431.jpg,1
dog432.jpg,1
dog433.jpg,1
dog434.jpg,1
dog435.jpg,1
dog436.jpg,1
dog437.jpg,1
dog438.jpg,1
dog439.jpg,1
dog440.jpg,1
dog441.jpg,1
dog442.jpg,1
dog443.jpg,1
dog444.jpg,1
dog445.jpg,1
dog446.jpg,1
dog447.jpg,1
dog448.jpg,1
dog449.jpg,1
dog450.jpg,1
dog451.jpg,1
dog452.jpg,1
dog453.jpg,1
dog454.jpg,1
dog455.jpg,1
dog456.jpg,1
dog457.jpg,1
dog458.jpg,1
dog459.jpg,1
dog460.jpg,1
dog461.jpg,1
dog462.jpg,1
dog463.jpg,1
dog464.jpg,1
dog465.jpg,1
dog466.jpg,1
dog467.jpg,1
dog468.jpg,1
dog469.jpg,1
dog470.jpg,1
dog471.jpg,1
dog472.jpg,1
dog473.jpg,1
dog474.jpg,1
dog475.jpg,1
dog476.jpg,1
dog477.jpg,1
dog478.jpg,1
dog479.jpg,1
dog480.jpg,1
dog481.jpg,1
dog482.jpg,1
dog483.jpg,1
dog484.jpg,1
dog485.jpg,1
dog486.jpg,1
dog487.jpg,1
dog488.jpg,1
dog489.jpg,1
dog490.jpg,1
dog491.jpg,1
dog492.jpg,1
dog493.jpg,1
dog494.jpg,1
dog495.jpg,1
dog496.jpg,1
dog497.jpg,1
dog498.jpg,1
dog499.jpg,1
dog500.jpg,1
dog501.jpg,1
dog502.jpg,1
dog503.jpg,1
dog504.jpg,1
dog505.jpg,1
dog506.jpg,1
dog507.jpg,1
dog508.jpg,1
dog509.jpg,1
dog510.jpg,1
dog511.jpg,1
dog512.jpg,1
dog513.jpg,1
dog514.jpg,1
dog515.jpg,1
dog516.jpg,1
dog517.jpg,1
dog518.jpg,1
dog519.jpg,1
dog520.jpg,1
dog521.jpg,1
dog522.jpg,1
dog523.jpg,1
dog524.jpg,1
dog525.jpg,1
dog526.jpg,1
dog527.jpg,1
dog528.jpg,1
dog529.jpg,1
dog530.jpg,1
dog531.jpg,1
dog532.jpg,1
dog533.jpg,1
dog534.jpg,1
dog535.jpg,1
dog536.jpg,1
dog537.jpg,1
dog538.jpg,1
dog539.jpg,1
dog540.jpg,1
dog541.jpg,1
dog542.jpg,1
dog543.jpg,1
dog544.jpg,1
dog545.jpg,1
dog546.jpg,1
dog547.jpg,1
dog548.jpg,1
dog549.jpg,1
dog550.jpg,1
dog551.jpg,1
dog552.jpg,1
dog553.jpg,1
dog554.jpg,1
dog555.jpg,1
dog556.jpg,1
dog557.jpg,1
dog558.jpg,1
dog559.jpg,1
dog560.jpg,1
dog561.jpg,1
dog562.jpg,1
dog563.jpg,1
dog564.jpg,1
dog565.jpg,1
dog566.jpg,1
dog567.jpg,1
dog568.jpg,1
dog569.jpg,1
dog570.jpg,1
dog571.jpg,1
dog572.jpg,1
dog573.jpg,1
dog574.jpg,1
dog575.jpg,1
dog576.jpg,1
dog577.jpg,1
dog578.jpg,1
dog579.jpg,1
dog580.jpg,1
dog581.jpg,1
dog582.jpg,1
dog583.jpg,1
dog584.jpg,1
dog585.jpg,1
dog586.jpg,1
dog587.jpg,1
dog588.jpg,1
dog589.jpg,1
dog590.jpg,1
dog591.jpg,1
dog592.jpg,1
dog593.jpg,1
dog594.jpg,1
dog595.jpg,1
dog596.jpg,1
dog597.jpg,1
dog598.jpg,1
dog599.jpg,1
dog600.jpg,1
dog601.jpg,1
dog602.jpg,1
dog603.jpg,1
dog604.jpg,1
dog605.jpg,1
dog606.jpg,1
dog607.jpg,1
dog608.jpg,1
dog609.jpg,1
dog610.jpg,1
dog611.jpg,1
dog612.jpg,1
dog613.jpg,1
dog614.jpg,1
dog615.jpg,1
dog616.jpg,1
dog617.jpg,1
dog618.jpg,1
dog619.jpg,1
dog620.jpg,1
dog621.jpg,1
dog622.jpg,1
dog623.jpg,1
dog624.jpg,1
dog625.jpg,1
dog626.jpg,1
dog627.jpg,1
dog628.jpg,1
dog629.jpg,1
dog630.jpg,1
dog631.jpg,1
dog632.jpg,1
dog633.jpg,1
dog634.jpg,1
dog635.jpg,1
dog636.jpg,1
dog637.jpg,1
dog638.jpg,1
dog639.jpg,1
dog640.jpg,1
dog641.jpg,1
dog642.jpg,1
dog643.jpg,1
dog644.jpg,1
dog645.jpg,1
dog646.jpg,1
dog647.jpg,1
dog648.jpg,1
dog649.jpg,1
dog650.jpg,1
dog651.jpg,1
dog652.jpg,1
dog653.jpg,1
dog654.jpg,1
dog655.jpg,1
dog656.jpg,1
dog657.jpg,1
dog658.jpg,1
dog659.jpg,1
dog660.jpg,1
dog661.jpg,1
dog662.jpg,1
dog663.jpg,1
dog664.jpg,1
dog665.jpg,1
dog666.jpg,1
dog667.jpg,1
dog668.jpg,1
dog669.jpg,1
dog670.jpg,1
dog671.jpg,1
dog672.jpg,1
dog673.jpg,1
dog674.jpg,1
dog675.jpg,1
dog676.jpg,1
dog677.jpg,1
dog678.jpg,1
dog679.jpg,1
dog680.jpg,1
dog681.jpg,1
dog682.jpg,1
dog683.jpg,1
dog684.jpg,1
dog685.jpg,1
dog686.jpg,1
dog687.jpg,1
dog688.jpg,1
dog689.jpg,1
dog690.jpg,1
dog691.jpg,1
dog692.jpg,1
dog693.jpg,1
dog694.jpg,1
dog695.jpg,1
dog696.jpg,1
dog697.jpg,1
dog698.jpg,1
dog699.jpg,1
dog700.jpg,1
dog701.jpg,1
dog702.jpg,1
dog703.jpg,1
dog704.jpg,1
dog705.jpg,1
dog706.jpg,1
dog707.jpg,1
dog708.jpg,1
dog709.jpg,1
dog710.jpg,1
dog711.jpg,1
dog712.jpg,1
dog713.jpg,1
dog714.jpg,1
dog715.jpg,1
dog716.jpg,1
dog717.jpg,1
dog718.jpg,1
dog719.jpg,1
dog720.jpg,1
dog721.jpg,1
dog722.jpg,1
dog723.jpg,1
dog724.jpg,1
dog725.jpg,1
dog726.jpg,1
dog727.jpg,1
dog728.jpg,1
dog729.jpg,1
dog730.jpg,1
dog731.jpg,1
dog732.jpg,1
dog733.jpg,1
dog734.jpg,1
dog735.jpg,1
dog736.jpg,1
dog737.jpg,1
dog738.jpg,1
dog739.jpg,1
dog740.jpg,1
dog741.jpg,1
dog742.jpg,1
dog743.jpg,1
dog744.jpg,1
dog745.jpg,1
dog746.jpg,1
dog747.jpg,1
dog748.jpg,1
dog749.jpg,1
dog750.jpg,1
dog751.jpg,1
dog752.jpg,1
dog753.jpg,1
dog754.jpg,1
dog755.jpg,1
dog756.jpg,1
dog757.jpg,1
dog758.jpg,1
dog759.jpg,1
dog760.jpg,1
dog761.jpg,1
dog762.jpg,1
dog763.jpg,1
dog764.jpg,1
dog765.jpg,1
dog766.jpg,1
dog767.jpg,1
dog768.jpg,1
dog769.jpg,1
dog770.jpg,1
dog771.jpg,1
dog772.jpg,1
dog773.jpg,1
dog774.jpg,1
dog775.jpg,1
dog776.jpg,1
dog777.jpg,1
dog778.jpg,1
dog779.jpg,1
dog780.jpg,1
dog781.jpg,1
dog782.jpg,1
dog783.jpg,1
dog784.jpg,1
dog785.jpg,1
dog786.jpg,1
dog787.jpg,1
dog788.jpg,1
dog789.jpg,1
dog790.jpg,1
dog791.jpg,1
dog792.jpg,1
dog793.jpg,1
dog794.jpg,1
dog795.jpg,1
dog796.jpg,1
dog797.jpg,1
dog798.jpg,1
dog799.jpg,1
dog800.jpg,1
dog801.jpg,1
dog802.jpg,1
dog803.jpg,1
dog804.jpg,1
dog805.jpg,1
dog806.jpg,1
dog807.jpg,1
dog808.jpg,1
dog809.jpg,1
dog810.jpg,1
dog811.jpg,1
dog812.jpg,1
dog813.jpg,1
dog814.jpg,1
dog815.jpg,1
dog816.jpg,1
dog817.jpg,1
dog818.jpg,1
dog819.jpg,1
dog820.jpg,1
dog821.jpg,1
dog822.jpg,1
dog823.jpg,1
dog824.jpg,1
dog825.jpg,1
dog826.jpg,1
dog827.jpg,1
dog828.jpg,1
dog829.jpg,1
dog830.jpg,1
dog831.jpg,1
dog832.jpg,1
dog833.jpg,1
dog834.jpg,1
dog835.jpg,1
dog836.jpg,1
dog837.jpg,1
dog838.jpg,1
dog839.jpg,1
dog840.jpg,1
dog841.jpg,1
dog842.jpg,1
dog843.jpg,1
dog844.jpg,1
dog845.jpg,1
dog846.jpg,1
dog847.jpg,1
dog848.jpg,1
dog849.jpg,1
dog850.jpg,1
dog851.jpg,1
dog852.jpg,1
dog853.jpg,1
dog854.jpg,1
dog855.jpg,1
dog856.jpg,1
dog857.jpg,1
dog858.jpg,1
dog859.jpg,1
dog860.jpg,1
dog861.jpg,1
dog862.jpg,1
dog863.jpg,1
dog864.jpg,1
dog865.jpg,1
dog866.jpg,1
dog867.jpg,1
dog868.jpg,1
dog869.jpg,1
dog870.jpg,1
dog871.jpg,1
dog872.jpg,1
dog873.jpg,1
dog874.jpg,1
dog875.jpg,1
dog876.jpg,1
dog877.jpg,1
dog878.jpg,1
dog879.jpg,1
dog880.jpg,1
dog881.jpg,1
dog882.jpg,1
dog883.jpg,1
dog884.jpg,1
dog885.jpg,1
dog886.jpg,1
dog887.jpg,1
dog888.jpg,1
dog889.jpg,1
dog890.jpg,1
dog891.jpg,1
dog892.jpg,1
dog893.jpg,1
dog894.jpg,1
dog895.jpg,1
dog896.jpg,1
dog897.jpg,1
dog898.jpg,1
dog899.jpg,1
dog900.jpg,1
dog901.jpg,1
dog902.jpg,1
dog903.jpg,1
dog904.jpg,1
dog905.jpg,1
dog906.jpg,1
dog907.jpg,1
dog908.jpg,1
dog909.jpg,1
dog910.jpg,1
dog911.jpg,1
dog912.jpg,1
dog913.jpg,1
dog914.jpg,1
dog915.jpg,1
dog916.jpg,1
dog917.jpg,1
dog918.jpg,1
dog919.jpg,1
dog920.jpg,1
dog921.jpg,1
dog922.jpg,1
dog923.jpg,1
dog924.jpg,1
dog925.jpg,1
dog926.jpg,1
dog927.jpg,1
dog928.jpg,1
dog929.jpg,1
dog930.jpg,1
dog931.jpg,1
dog932.jpg,1
dog933.jpg,1
dog934.jpg,1
dog935.jpg,1
dog936.jpg,1
dog937.jpg,1
dog938.jpg,1
dog939.jpg,1
dog940.jpg,1
dog941.jpg,1
dog942.jpg,1
dog943.jpg,1
dog944.jpg,1
dog945.jpg,1
dog946.jpg,1
dog947.jpg,1
dog948.jpg,1
dog949.jpg,1
dog950.jpg,1
dog951.jpg,1
dog952.jpg,1
dog953.jpg,1
dog954.jpg,1
dog955.jpg,1
dog956.jpg,1
dog957.jpg,1
dog958.jpg,1
dog959.jpg,1
dog960.jpg,1
dog961.jpg,1
dog962.jpg,1
dog963.jpg,1
dog964.jpg,1
dog965.jpg,1
dog966.jpg,1
dog967.jpg,1
dog968.jpg,1
dog969.jpg,1
dog970.jpg,1
dog971.jpg,1
dog972.jpg,1
dog973.jpg,1
dog974.jpg,1
dog975.jpg,1
dog976.jpg,1
dog977.jpg,1
dog978.jpg,1
dog979.jpg,1
dog980.jpg,1
dog981.jpg,1
dog982.jpg,1
dog983.jpg,1
dog984.jpg,1
dog985.jpg,1
dog986.jpg,1
dog987.jpg,1
dog988.jpg,1
dog989.jpg,1
dog990.jpg,1
dog991.jpg,1
dog992.jpg,1
dog993.jpg,1
dog994.jpg,1
dog995.jpg,1
dog996.jpg,1
dog997.jpg,1
dog998.jpg,1
dog999.jpg,1
dog1000.jpg,1
dog1001.jpg,1
dog1002.jpg,1
dog1003.jpg,1
dog1004.jpg,1
dog1005.jpg,1
dog1006.jpg,1
dog1007.jpg,1
dog1008.jpg,1
dog1009.jpg,1
dog1010.jpg,1
dog1011.jpg,1
dog1012.jpg,1
dog1013.jpg,1
dog1014.jpg,1
dog1015.jpg,1
dog1016.jpg,1
dog1017.jpg,1
dog1018.jpg,1
dog1019.jpg,1
dog1020.jpg,1
dog1021.jpg,1
dog1022.jpg,1
dog1023.jpg,1
dog1024.jpg,1
dog1025.jpg,1
dog1026.jpg,1
dog1027.jpg,1
dog1028.jpg,1
dog1029.jpg,1
dog1030.jpg,1
dog1031.jpg,1
dog1032.jpg,1
dog1033.jpg,1
dog1034.jpg,1
dog1035.jpg,1
dog1036.jpg,1
dog1037.jpg,1
dog1038.jpg,1
dog1039.jpg,1
dog1040.jpg,1
dog1041.jpg,1
dog1042.jpg,1
dog1043.jpg,1
dog1044.jpg,1
dog1045.jpg,1
dog1046.jpg,1
dog1047.jpg,1
dog1048.jpg,1
dog1049.jpg,1
dog1050.jpg,1
dog1051.jpg,1
dog1052.jpg,1
dog1053.jpg,1
dog1054.jpg,1
dog1055.jpg,1
dog1056.jpg,1
dog1057.jpg,1
dog1058.jpg,1
dog1059.jpg,1
dog1060.jpg,1
dog1061.jpg,1
dog1062.jpg,1
dog1063.jpg,1
dog1064.jpg,1
dog1065.jpg,1
dog1066.jpg,1
dog1067.jpg,1
dog1068.jpg,1
dog1069.jpg,1
dog1070.jpg,1
dog1071.jpg,1
dog1072.jpg,1
dog1073.jpg,1
dog1074.jpg,1
dog1075.jpg,1
dog1076.jpg,1
dog1077.jpg,1
dog1078.jpg,1
dog1079.jpg,1
dog1080.jpg,1
dog1081.jpg,1
dog1082.jpg,1
dog1083.jpg,1
dog1084.jpg,1
dog1085.jpg,1
dog1086.jpg,1
dog1087.jpg,1
dog1088.jpg,1
dog1089.jpg,1
dog1090.jpg,1
dog1091.jpg,1
dog1092.jpg,1
dog1093.jpg,1
dog1094.jpg,1
dog1095.jpg,1
dog1096.jpg,1
dog1097.jpg,1
dog1098.jpg,1
dog1099.jpg,1
dog1100.jpg,1
dog1101.jpg,1
dog1102.jpg,1
dog1103.jpg,1
dog1104.jpg,1
dog1105.jpg,1
dog1106.jpg,1
dog1107.jpg,1
dog1108.jpg,1
dog1109.jpg,1
dog1110.jpg,1
dog1111.jpg,1
dog1112.jpg,1
dog1113.jpg,1
dog1114.jpg,1
dog1115.jpg,1
dog1116.jpg,1
dog1117.jpg,1
dog1118.jpg,1
dog1119.jpg,1
dog1120.jpg,1
dog1121.jpg,1
dog1122.jpg,1
dog1123.jpg,1
dog1124.jpg,1
dog1125.jpg,1
dog1126.jpg,1
dog1127.jpg,1
dog1128.jpg,1
dog1129.jpg,1
dog1130.jpg,1
dog1131.jpg,1
dog1132.jpg,1
dog1133.jpg,1
dog1134.jpg,1
dog1135.jpg,1
dog1136.jpg,1
dog1137.jpg,1
dog1138.jpg,1
dog1139.jpg,1
dog1140.jpg,1
dog1141.jpg,1
dog1142.jpg,1
dog1143.jpg,1
dog1144.jpg,1
dog1145.jpg,1
dog1146.jpg,1
dog1147.jpg,1
dog1148.jpg,1
dog1149.jpg,1
dog1150.jpg,1
dog1151.jpg,1
dog1152.jpg,1
dog1153.jpg,1
dog1154.jpg,1
dog1155.jpg,1
dog1156.jpg,1
dog1157.jpg,1
dog1158.jpg,1
dog1159.jpg,1
dog1160.jpg,1
dog1161.jpg,1
dog1162.jpg,1
dog1163.jpg,1
dog1164.jpg,1
dog1165.jpg,1
dog1166.jpg,1
dog1167.jpg,1
dog1168.jpg,1
dog1169.jpg,1
dog1170.jpg,1
dog1171.jpg,1
dog1172.jpg,1
dog1173.jpg,1
dog1174.jpg,1
dog1175.jpg,1
dog1176.jpg,1
dog1177.jpg,1
dog1178.jpg,1
dog1179.jpg,1
dog1180.jpg,1
dog1181.jpg,1
dog1182.jpg,1
dog1183.jpg,1
dog1184.jpg,1
dog1185.jpg,1
dog1186.jpg,1
dog1187.jpg,1
dog1188.jpg,1
dog1189.jpg,1
dog1190.jpg,1
dog1191.jpg,1
dog1192.jpg,1
dog1193.jpg,1
dog1194.jpg,1
dog1195.jpg,1
dog1196.jpg,1
dog1197.jpg,1
dog1198.jpg,1
dog1199.jpg,1
dog1200.jpg,1
dog1201.jpg,1
dog1202.jpg,1
dog1203.jpg,1
dog1204.jpg,1
dog1205.jpg,1
dog1206.jpg,1
dog1207.jpg,1
dog1208.jpg,1
dog1209.jpg,1
dog1210.jpg,1
dog1211.jpg,1
dog1212.jpg,1
dog1213.jpg,1
dog1214.jpg,1
dog1215.jpg,1
dog1216.jpg,1
dog1217.jpg,1
dog1218.jpg,1
dog1219.jpg,1
dog1220.jpg,1
dog1221.jpg,1
dog1222.jpg,1
dog1223.jpg,1
dog1224.jpg,1
dog1225.jpg,1
dog1226.jpg,1
dog1227.jpg,1
dog1228.jpg,1
dog1229.jpg,1
dog1230.jpg,1
dog1231.jpg,1
dog1232.jpg,1
dog1233.jpg,1
dog1234.jpg,1
dog1235.jpg,1
dog1236.jpg,1
dog1237.jpg,1
dog1238.jpg,1
dog1239.jpg,1
dog1240.jpg,1
dog1241.jpg,1
dog1242.jpg,1
dog1243.jpg,1
dog1244.jpg,1
dog1245.jpg,1
dog1246.jpg,1
dog1247.jpg,1
dog1248.jpg,1
dog1249.jpg,1
dog1250.jpg,1
dog1251.jpg,1
dog1252.jpg,1
dog1253.jpg,1
dog1254.jpg,1
dog1255.jpg,1
dog1256.jpg,1
dog1257.jpg,1
dog1258.jpg,1
dog1259.jpg,1
dog1260.jpg,1
dog1261.jpg,1
dog1262.jpg,1
dog1263.jpg,1
dog1264.jpg,1
dog1265.jpg,1
dog1266.jpg,1
dog1267.jpg,1
dog1268.jpg,1
dog1269.jpg,1
dog1270.jpg,1
dog1271.jpg,1
dog1272.jpg,1
dog1273.jpg,1
dog1274.jpg,1
dog1275.jpg,1
dog1276.jpg,1
dog1277.jpg,1
dog1278.jpg,1
dog1279.jpg,1
dog1280.jpg,1
dog1281.jpg,1
dog1282.jpg,1
dog1283.jpg,1
dog1284.jpg,1
dog1285.jpg,1
dog1286.jpg,1
dog1287.jpg,1
dog1288.jpg,1
dog1289.jpg,1
dog1290.jpg,1
dog1291.jpg,1
dog1292.jpg,1
dog1293.jpg,1
dog1294.jpg,1
dog1295.jpg,1
dog1296.jpg,1
dog1297.jpg,1
dog1298.jpg,1
dog1299.jpg,1
dog1300.jpg,1
dog1301.jpg,1
dog1302.jpg,1
dog1303.jpg,1
dog1304.jpg,1
dog1305.jpg,1
dog1306.jpg,1
dog1307.jpg,1
dog1308.jpg,1
dog1309.jpg,1
dog1310.jpg,1
dog1311.jpg,1
dog1312.jpg,1
dog1313.jpg,1
dog1314.jpg,1
dog1315.jpg,1
dog1316.jpg,1
dog1317.jpg,1
dog1318.jpg,1
dog1319.jpg,1
dog1320.jpg,1
dog1321.jpg,1
dog1322.jpg,1
dog1323.jpg,1
dog1324.jpg,1
dog1325.jpg,1
dog1326.jpg,1
dog1327.jpg,1
dog1328.jpg,1
dog1329.jpg,1
dog1330.jpg,1
dog1331.jpg,1
dog1332.jpg,1
dog1333.jpg,1
dog1334.jpg,1
dog1335.jpg,1
dog1336.jpg,1
dog1337.jpg,1
dog1338.jpg,1
dog1339.jpg,1
dog1340.jpg,1
dog1341.jpg,1
dog1342.jpg,1
dog1343.jpg,1
dog1344.jpg,1
dog1345.jpg,1
dog1346.jpg,1
dog1347.jpg,1
dog1348.jpg,1
dog1349.jpg,1
dog1350.jpg,1
dog1351.jpg,1
dog1352.jpg,1
dog1353.jpg,1
dog1354.jpg,1
dog1355.jpg,1
dog1356.jpg,1
dog1357.jpg,1
dog1358.jpg,1
dog1359.jpg,1
dog1360.jpg,1
dog1361.jpg,1
dog1362.jpg,1
dog1363.jpg,1
dog1364.jpg,1
dog1365.jpg,1
dog1366.jpg,1
dog1367.jpg,1
dog1368.jpg,1
dog1369.jpg,1
dog1370.jpg,1
dog1371.jpg,1
dog1372.jpg,1
dog1373.jpg,1
dog1374.jpg,1
dog1375.jpg,1
dog1376.jpg,1
dog1377.jpg,1
dog1378.jpg,1
dog1379.jpg,1
dog1380.jpg,1
dog1381.jpg,1
dog1382.jpg,1
dog1383.jpg,1
dog1384.jpg,1
dog1385.jpg,1
dog1386.jpg,1
dog1387.jpg,1
dog1388.jpg,1
dog1389.jpg,1
dog1390.jpg,1
dog1391.jpg,1
dog1392.jpg,1
dog1393.jpg,1
dog1394.jpg,1
dog1395.jpg,1
dog1396.jpg,1
dog1397.jpg,1
dog1398.jpg,1
dog1399.jpg,1
dog1400.jpg,1
dog1401.jpg,1
dog1402.jpg,1
dog1403.jpg,1
dog1404.jpg,1
dog1405.jpg,1
dog1406.jpg,1
dog1407.jpg,1
dog1408.jpg,1
dog1409.jpg,1
dog1410.jpg,1
dog1411.jpg,1
dog1412.jpg,1
dog1413.jpg,1
dog1414.jpg,1
dog1415.jpg,1
dog1416.jpg,1
dog1417.jpg,1
dog1418.jpg,1
dog1419.jpg,1
dog1420.jpg,1
dog1421.jpg,1
dog1422.jpg,1
dog1423.jpg,1
dog1424.jpg,1
dog1425.jpg,1
dog1426.jpg,1
dog1427.jpg,1
dog1428.jpg,1
dog1429.jpg,1
dog1430.jpg,1
dog1431.jpg,1
dog1432.jpg,1
dog1433.jpg,1
dog1434.jpg,1
dog1435.jpg,1
dog1436.jpg,1
dog1437.jpg,1
dog1438.jpg,1
dog1439.jpg,1
dog1440.jpg,1
dog1441.jpg,1
dog1442.jpg,1
dog1443.jpg,1
dog1444.jpg,1
dog1445.jpg,1
dog1446.jpg,1
dog1447.jpg,1
dog1448.jpg,1
dog1449.jpg,1
dog1450.jpg,1
dog1451.jpg,1
dog1452.jpg,1
dog1453.jpg,1
dog1454.jpg,1
dog1455.jpg,1
dog1456.jpg,1
dog1457.jpg,1
dog1458.jpg,1
dog1459.jpg,1
dog1460.jpg,1
dog1461.jpg,1
dog1462.jpg,1
dog1463.jpg,1
dog1464.jpg,1
dog1465.jpg,1
dog1466.jpg,1
dog1467.jpg,1
dog1468.jpg,1
dog1469.jpg,1
dog1470.jpg,1
dog1471.jpg,1
dog1472.jpg,1
dog1473.jpg,1
dog1474.jpg,1
dog1475.jpg,1
dog1476.jpg,1
dog1477.jpg,1
dog1478.jpg,1
dog1479.jpg,1
dog1480.jpg,1
dog1481.jpg,1
dog1482.jpg,1
dog1483.jpg,1
dog1484.jpg,1
dog1485.jpg,1
dog1486.jpg,1
dog1487.jpg,1
dog1488.jpg,1
dog1489.jpg,1
dog1490.jpg,1
dog1491.jpg,1
dog1492.jpg,1
dog1493.jpg,1
dog1494.jpg,1
dog1495.jpg,1
dog1496.jpg,1
dog1497.jpg,1
dog1498.jpg,1
dog1499.jpg,1
dog1500.jpg,1
dog1501.jpg,1
dog1502.jpg,1
dog1503.jpg,1
dog1504.jpg,1
dog1505.jpg,1
dog1506.jpg,1
dog1507.jpg,1
dog1508.jpg,1
dog1509.jpg,1
dog1510.jpg,1
dog1511.jpg,1
dog1512.jpg,1
dog1513.jpg,1
dog1514.jpg,1
dog1515.jpg,1
dog1516.jpg,1
dog1517.jpg,1
dog1518.jpg,1
dog1519.jpg,1
dog1520.jpg,1
dog1521.jpg,1
dog1522.jpg,1
dog1523.jpg,1
dog1524.jpg,1
dog1525.jpg,1
dog1526.jpg,1
dog1527.jpg,1
dog1528.jpg,1
dog1529.jpg,1
dog1530.jpg,1
dog1531.jpg,1
dog1532.jpg,1
dog1533.jpg,1
dog1534.jpg,1
dog1535.jpg,1
dog1536.jpg,1
dog1537.jpg,1
dog1538.jpg,1
dog1539.jpg,1
dog1540.jpg,1
dog1541.jpg,1
dog1542.jpg,1
dog1543.jpg,1
dog1544.jpg,1
dog1545.jpg,1
dog1546.jpg,1
dog1547.jpg,1
dog1548.jpg,1
dog1549.jpg,1
dog1550.jpg,1
dog1551.jpg,1
dog1552.jpg,1
dog1553.jpg,1
dog1554.jpg,1
dog1555.jpg,1
dog1556.jpg,1
dog1557.jpg,1
dog1558.jpg,1
dog1559.jpg,1
dog1560.jpg,1
dog1561.jpg,1
dog1562.jpg,1
dog1563.jpg,1
dog1564.jpg,1
dog1565.jpg,1
dog1566.jpg,1
dog1567.jpg,1
dog1568.jpg,1
dog1569.jpg,1
dog1570.jpg,1
dog1571.jpg,1
dog1572.jpg,1
dog1573.jpg,1
dog1574.jpg,1
dog1575.jpg,1
dog1576.jpg,1
dog1577.jpg,1
dog1578.jpg,1
dog1579.jpg,1
dog1580.jpg,1
dog1581.jpg,1
dog1582.jpg,1
dog1583.jpg,1
dog1584.jpg,1
dog1585.jpg,1
dog1586.jpg,1
dog1587.jpg,1
dog1588.jpg,1
dog1589.jpg,1
dog1590.jpg,1
dog1591.jpg,1
dog1592.jpg,1
dog1593.jpg,1
dog1594.jpg,1
dog1595.jpg,1
dog1596.jpg,1
dog1597.jpg,1
dog1598.jpg,1
dog1599.jpg,1
dog1600.jpg,1
dog1601.jpg,1
dog1602.jpg,1
dog1603.jpg,1
dog1604.jpg,1
dog1605.jpg,1
dog1606.jpg,1
dog1607.jpg,1
dog1608.jpg,1
dog1609.jpg,1
dog1610.jpg,1
dog1611.jpg,1
dog1612.jpg,1
dog1613.jpg,1
dog1614.jpg,1
dog1615.jpg,1
dog1616.jpg,1
dog1617.jpg,1
dog1618.jpg,1
dog1619.jpg,1
dog1620.jpg,1
dog1621.jpg,1
dog1622.jpg,1
dog1623.jpg,1
dog1624.jpg,1
dog1625.jpg,1
dog1626.jpg,1
dog1627.jpg,1
dog1628.jpg,1
dog1629.jpg,1
dog1630.jpg,1
dog1631.jpg,1
dog1632.jpg,1
dog1633.jpg,1
dog1634.jpg,1
dog1635.jpg,1
dog1636.jpg,1
dog1637.jpg,1
dog1638.jpg,1
dog1639.jpg,1
dog1640.jpg,1
dog1641.jpg,1
dog1642.jpg,1
dog1643.jpg,1
dog1644.jpg,1
dog1645.jpg,1
dog1646.jpg,1
dog1647.jpg,1
dog1648.jpg,1
dog1649.jpg,1
dog1650.jpg,1
dog1651.jpg,1
dog1652.jpg,1
dog1653.jpg,1
dog1654.jpg,1
dog1655.jpg,1
dog1656.jpg,1
dog1657.jpg,1
dog1658.jpg,1
dog1659.jpg,1
dog1660.jpg,1
dog1661.jpg,1
dog1662.jpg,1
dog1663.jpg,1
dog1664.jpg,1
dog1665.jpg,1
dog1666.jpg,1
dog1667.jpg,1
dog1668.jpg,1
dog1669.jpg,1
dog1670.jpg,1
dog1671.jpg,1
dog1672.jpg,1
dog1673.jpg,1
dog1674.jpg,1
dog1675.jpg,1
dog1676.jpg,1
dog1677.jpg,1
dog1678.jpg,1
dog1679.jpg,1
dog1680.jpg,1
dog1681.jpg,1
dog1682.jpg,1
dog1683.jpg,1
dog1684.jpg,1
dog1685.jpg,1
dog1686.jpg,1
dog1687.jpg,1
dog1688.jpg,1
dog1689.jpg,1
dog1690.jpg,1
dog1691.jpg,1
dog1692.jpg,1
dog1693.jpg,1
dog1694.jpg,1
dog1695.jpg,1
dog1696.jpg,1
dog1697.jpg,1
dog1698.jpg,1
dog1699.jpg,1
dog1700.jpg,1
dog1701.jpg,1
dog1702.jpg,1
dog1703.jpg,1
dog1704.jpg,1
dog1705.jpg,1
dog1706.jpg,1
dog1707.jpg,1
dog1708.jpg,1
dog1709.jpg,1
dog1710.jpg,1
dog1711.jpg,1
dog1712.jpg,1
dog1713.jpg,1
dog1714.jpg,1
dog1715.jpg,1
dog1716.jpg,1
dog1717.jpg,1
dog1718.jpg,1
dog1719.jpg,1
dog1720.jpg,1
dog1721.jpg,1
dog1722.jpg,1
dog1723.jpg,1
dog1724.jpg,1
dog1725.jpg,1
dog1726.jpg,1
dog1727.jpg,1
dog1728.jpg,1
dog1729.jpg,1
dog1730.jpg,1
dog1731.jpg,1
dog1732.jpg,1
dog1733.jpg,1
dog1734.jpg,1
dog1735.jpg,1
dog1736.jpg,1
dog1737.jpg,1
dog1738.jpg,1
dog1739.jpg,1
dog1740.jpg,1
dog1741.jpg,1
dog1742.jpg,1
dog1743.jpg,1
dog1744.jpg,1
dog1745.jpg,1
dog1746.jpg,1
dog1747.jpg,1
dog1748.jpg,1
dog1749.jpg,1
dog1750.jpg,1
dog1751.jpg,1
dog1752.jpg,1
dog1753.jpg,1
dog1754.jpg,1
dog1755.jpg,1
dog1756.jpg,1
dog1757.jpg,1
dog1758.jpg,1
dog1759.jpg,1
dog1760.jpg,1
dog1761.jpg,1
dog1762.jpg,1
dog1763.jpg,1
dog1764.jpg,1
dog1765.jpg,1
dog1766.jpg,1
dog1767.jpg,1
dog1768.jpg,1
dog1769.jpg,1
dog1770.jpg,1
dog1771.jpg,1
dog1772.jpg,1
dog1773.jpg,1
dog1774.jpg,1
dog1775.jpg,1
dog1776.jpg,1
dog1777.jpg,1
dog1778.jpg,1
dog1779.jpg,1
dog1780.jpg,1
dog1781.jpg,1
dog1782.jpg,1
dog1783.jpg,1
dog1784.jpg,1
dog1785.jpg,1
dog1786.jpg,1
dog1787.jpg,1
dog1788.jpg,1
dog1789.jpg,1
dog1790.jpg,1
dog1791.jpg,1
dog1792.jpg,1
dog1793.jpg,1
dog1794.jpg,1
dog1795.jpg,1
dog1796.jpg,1
dog1797.jpg,1
dog1798.jpg,1
dog1799.jpg,1
dog1800.jpg,1
dog1801.jpg,1
dog1802.jpg,1
dog1803.jpg,1
dog1804.jpg,1
dog1805.jpg,1
dog1806.jpg,1
dog1807.jpg,1
dog1808.jpg,1
dog1809.jpg,1
dog1810.jpg,1
dog1811.jpg,1
dog1812.jpg,1
dog1813.jpg,1
dog1814.jpg,1
dog1815.jpg,1
dog1816.jpg,1
dog1817.jpg,1
dog1818.jpg,1
dog1819.jpg,1
dog1820.jpg,1
dog1821.jpg,1
dog1822.jpg,1
dog1823.jpg,1
dog1824.jpg,1
dog1825.jpg,1
dog1826.jpg,1
dog1827.jpg,1
dog1828.jpg,1
dog1829.jpg,1
dog1830.jpg,1
dog1831.jpg,1
dog1832.jpg,1
dog1833.jpg,1
dog1834.jpg,1
dog1835.jpg,1
dog1836.jpg,1
dog1837.jpg,1
dog1838.jpg,1
dog1839.jpg,1
dog1840.jpg,1
dog1841.jpg,1
dog1842.jpg,1
dog1843.jpg,1
dog1844.jpg,1
dog1845.jpg,1
dog1846.jpg,1
dog1847.jpg,1
dog1848.jpg,1
dog1849.jpg,1
dog1850.jpg,1
dog1851.jpg,1
dog1852.jpg,1
dog1853.jpg,1
dog1854.jpg,1
dog1855.jpg,1
dog1856.jpg,1
dog1857.jpg,1
dog1858.jpg,1
dog1859.jpg,1
dog1860.jpg,1
dog1861.jpg,1
dog1862.jpg,1
dog1863.jpg,1
dog1864.jpg,1
dog1865.jpg,1
dog1866.jpg,1
dog1867.jpg,1
dog1868.jpg,1
dog1869.jpg,1
dog1870.jpg,1
dog1871.jpg,1
dog1872.jpg,1
dog1873.jpg,1
dog1874.jpg,1
dog1875.jpg,1
dog1876.jpg,1
dog1877.jpg,1
dog1878.jpg,1
dog1879.jpg,1
dog1880.jpg,1
dog1881.jpg,1
dog1882.jpg,1
dog1883.jpg,1
dog1884.jpg,1
dog1885.jpg,1
dog1886.jpg,1
dog1887.jpg,1
dog1888.jpg,1
dog1889.jpg,1
dog1890.jpg,1
dog1891.jpg,1
dog1892.jpg,1
dog1893.jpg,1
dog1894.jpg,1
dog1895.jpg,1
dog1896.jpg,1
dog1897.jpg,1
dog1898.jpg,1
dog1899.jpg,1
dog1900.jpg,1
dog1901.jpg,1
dog1902.jpg,1
dog1903.jpg,1
dog1904.jpg,1
dog1905.jpg,1
dog1906.jpg,1
dog1907.jpg,1
dog1908.jpg,1
dog1909.jpg,1
dog1910.jpg,1
dog1911.jpg,1
dog1912.jpg,1
dog1913.jpg,1
dog1914.jpg,1
dog1915.jpg,1
dog1916.jpg,1
dog1917.jpg,1
dog1918.jpg,1
dog1919.jpg,1
dog1920.jpg,1
dog1921.jpg,1
dog1922.jpg,1
dog1923.jpg,1
dog1924.jpg,1
dog1925.jpg,1
dog1926.jpg,1
dog1927.jpg,1
dog1928.jpg,1
dog1929.jpg,1
dog1930.jpg,1
dog1931.jpg,1
dog1932.jpg,1
dog1933.jpg,1
dog1934.jpg,1
dog1935.jpg,1
dog1936.jpg,1
dog1937.jpg,1
dog1938.jpg,1
dog1939.jpg,1
dog1940.jpg,1
dog1941.jpg,1
dog1942.jpg,1
dog1943.jpg,1
dog1944.jpg,1
dog1945.jpg,1
dog1946.jpg,1
dog1947.jpg,1
dog1948.jpg,1
dog1949.jpg,1
dog1950.jpg,1
dog1951.jpg,1
dog1952.jpg,1
dog1953.jpg,1
dog1954.jpg,1
dog1955.jpg,1
dog1956.jpg,1
dog1957.jpg,1
dog1958.jpg,1
dog1959.jpg,1
dog1960.jpg,1
dog1961.jpg,1
dog1962.jpg,1
dog1963.jpg,1
dog1964.jpg,1
dog1965.jpg,1
dog1966.jpg,1
dog1967.jpg,1
dog1968.jpg,1
dog1969.jpg,1
dog1970.jpg,1
dog1971.jpg,1
dog1972.jpg,1
dog1973.jpg,1
dog1974.jpg,1
dog1975.jpg,1
dog1976.jpg,1
dog1977.jpg,1
dog1978.jpg,1
dog1979.jpg,1
dog1980.jpg,1
dog1981.jpg,1
dog1982.jpg,1
dog1983.jpg,1
dog1984.jpg,1
dog1985.jpg,1
dog1986.jpg,1
dog1987.jpg,1
dog1988.jpg,1
dog1989.jpg,1
dog1990.jpg,1
dog1991.jpg,1
dog1992.jpg,1
dog1993.jpg,1
dog1994.jpg,1
dog1995.jpg,1
dog1996.jpg,1
dog1997.jpg,1
dog1998.jpg,1
dog1999.jpg,1
dog2000.jpg,1
dog2001.jpg,1
dog2002.jpg,1
dog2003.jpg,1
dog2004.jpg,1
dog2005.jpg,1
dog2006.jpg,1
dog2007.jpg,1
dog2008.jpg,1
dog2009.jpg,1
dog2010.jpg,1
dog2011.jpg,1
dog2012.jpg,1
dog2013.jpg,1
dog2014.jpg,1
dog2015.jpg,1
dog2016.jpg,1
dog2017.jpg,1
dog2018.jpg,1
dog2019.jpg,1
dog2020.jpg,1
dog2021.jpg,1
dog2022.jpg,1
dog2023.jpg,1
dog2024.jpg,1
dog2025.jpg,1
dog2026.jpg,1
dog2027.jpg,1
dog2028.jpg,1
dog2029.jpg,1
dog2030.jpg,1
dog2031.jpg,1
dog2032.jpg,1
dog2033.jpg,1
dog2034.jpg,1
dog2035.jpg,1
dog2036.jpg,1
dog2037.jpg,1
dog2038.jpg,1
dog2039.jpg,1
dog2040.jpg,1
dog2041.jpg,1
dog2042.jpg,1
dog2043.jpg,1
dog2044.jpg,1
dog2045.jpg,1
dog2046.jpg,1
dog2047.jpg,1
dog2048.jpg,1
dog2049.jpg,1
dog2050.jpg,1
dog2051.jpg,1
dog2052.jpg,1
dog2053.jpg,1
dog2054.jpg,1
dog2055.jpg,1
dog2056.jpg,1
dog2057.jpg,1
dog2058.jpg,1
dog2059.jpg,1
dog2060.jpg,1
dog2061.jpg,1
dog2062.jpg,1
dog2063.jpg,1
dog2064.jpg,1
dog2065.jpg,1
dog2066.jpg,1
dog2067.jpg,1
dog2068.jpg,1
dog2069.jpg,1
dog2070.jpg,1
dog2071.jpg,1
dog2072.jpg,1
dog2073.jpg,1
dog2074.jpg,1
dog2075.jpg,1
dog2076.jpg,1
dog2077.jpg,1
dog2078.jpg,1
dog2079.jpg,1
dog2080.jpg,1
dog2081.jpg,1
dog2082.jpg,1
dog2083.jpg,1
dog2084.jpg,1
dog2085.jpg,1
dog2086.jpg,1
dog2087.jpg,1
dog2088.jpg,1
dog2089.jpg,1
dog2090.jpg,1
dog2091.jpg,1
dog2092.jpg,1
dog2093.jpg,1
dog2094.jpg,1
dog2095.jpg,1
dog2096.jpg,1
dog2097.jpg,1
dog2098.jpg,1
dog2099.jpg,1
dog2100.jpg,1
dog2101.jpg,1
dog2102.jpg,1
dog2103.jpg,1
dog2104.jpg,1
dog2105.jpg,1
dog2106.jpg,1
dog2107.jpg,1
dog2108.jpg,1
dog2109.jpg,1
dog2110.jpg,1
dog2111.jpg,1
dog2112.jpg,1
dog2113.jpg,1
dog2114.jpg,1
dog2115.jpg,1
dog2116.jpg,1
dog2117.jpg,1
dog2118.jpg,1
dog2119.jpg,1
dog2120.jpg,1
dog2121.jpg,1
dog2122.jpg,1
dog2123.jpg,1
dog2124.jpg,1
dog2125.jpg,1
dog2126.jpg,1
dog2127.jpg,1
dog2128.jpg,1
dog2129.jpg,1
dog2130.jpg,1
dog2131.jpg,1
dog2132.jpg,1
dog2133.jpg,1
dog2134.jpg,1
dog2135.jpg,1
dog2136.jpg,1
dog2137.jpg,1
dog2138.jpg,1
dog2139.jpg,1
dog2140.jpg,1
dog2141.jpg,1
dog2142.jpg,1
dog2143.jpg,1
dog2144.jpg,1
dog2145.jpg,1
dog2146.jpg,1
dog2147.jpg,1
dog2148.jpg,1
dog2149.jpg,1
dog2150.jpg,1
dog2151.jpg,1
dog2152.jpg,1
dog2153.jpg,1
dog2154.jpg,1
dog2155.jpg,1
dog2156.jpg,1
dog2157.jpg,1
dog2158.jpg,1
dog2159.jpg,1
dog2160.jpg,1
dog2161.jpg,1
dog2162.jpg,1
dog2163.jpg,1
dog2164.jpg,1
dog2165.jpg,1
dog2166.jpg,1
dog2167.jpg,1
dog2168.jpg,1
dog2169.jpg,1
dog2170.jpg,1
dog2171.jpg,1
dog2172.jpg,1
dog2173.jpg,1
dog2174.jpg,1
dog2175.jpg,1
dog2176.jpg,1
dog2177.jpg,1
dog2178.jpg,1
dog2179.jpg,1
dog2180.jpg,1
dog2181.jpg,1
dog2182.jpg,1
dog2183.jpg,1
dog2184.jpg,1
dog2185.jpg,1
dog2186.jpg,1
dog2187.jpg,1
dog2188.jpg,1
dog2189.jpg,1
dog2190.jpg,1
dog2191.jpg,1
dog2192.jpg,1
dog2193.jpg,1
dog2194.jpg,1
dog2195.jpg,1
dog2196.jpg,1
dog2197.jpg,1
dog2198.jpg,1
dog2199.jpg,1
dog2200.jpg,1
dog2201.jpg,1
dog2202.jpg,1
dog2203.jpg,1
dog2204.jpg,1
dog2205.jpg,1
dog2206.jpg,1
dog2207.jpg,1
dog2208.jpg,1
dog2209.jpg,1
dog2210.jpg,1
dog2211.jpg,1
dog2212.jpg,1
dog2213.jpg,1
dog2214.jpg,1
dog2215.jpg,1
dog2216.jpg,1
dog2217.jpg,1
dog2218.jpg,1
dog2219.jpg,1
dog2220.jpg,1
dog2221.jpg,1
dog2222.jpg,1
dog2223.jpg,1
dog2224.jpg,1
dog2225.jpg,1
dog2226.jpg,1
dog2227.jpg,1
dog2228.jpg,1
dog2229.jpg,1
dog2230.jpg,1
dog2231.jpg,1
dog2232.jpg,1
dog2233.jpg,1
dog2234.jpg,1
dog2235.jpg,1
dog2236.jpg,1
dog2237.jpg,1
dog2238.jpg,1
dog2239.jpg,1
dog2240.jpg,1
dog2241.jpg,1
dog2242.jpg,1
dog2243.jpg,1
dog2244.jpg,1
dog2245.jpg,1
dog2246.jpg,1
dog2247.jpg,1
dog2248.jpg,1
dog2249.jpg,1
dog2250.jpg,1
dog2251.jpg,1
dog2252.jpg,1
dog2253.jpg,1
dog2254.jpg,1
dog2255.jpg,1
dog2256.jpg,1
dog2257.jpg,1
dog2258.jpg,1
dog2259.jpg,1
dog2260.jpg,1
dog2261.jpg,1
dog2262.jpg,1
dog2263.jpg,1
dog2264.jpg,1
dog2265.jpg,1
dog2266.jpg,1
dog2267.jpg,1
dog2268.jpg,1
dog2269.jpg,1
dog2270.jpg,1
dog2271.jpg,1
dog2272.jpg,1
dog2273.jpg,1
dog2274.jpg,1
dog2275.jpg,1
dog2276.jpg,1
dog2277.jpg,1
dog2278.jpg,1
dog2279.jpg,1
dog2280.jpg,1
dog2281.jpg,1
dog2282.jpg,1
dog2283.jpg,1
dog2284.jpg,1
dog2285.jpg,1
dog2286.jpg,1
dog2287.jpg,1
dog2288.jpg,1
dog2289.jpg,1
dog2290.jpg,1
dog2291.jpg,1
dog2292.jpg,1
dog2293.jpg,1
dog2294.jpg,1
dog2295.jpg,1
dog2296.jpg,1
dog2297.jpg,1
dog2298.jpg,1
dog2299.jpg,1
dog2300.jpg,1
dog2301.jpg,1
dog2302.jpg,1
dog2303.jpg,1
dog2304.jpg,1
dog2305.jpg,1
dog2306.jpg,1
dog2307.jpg,1
dog2308.jpg,1
dog2309.jpg,1
dog2310.jpg,1
dog2311.jpg,1
dog2312.jpg,1
dog2313.jpg,1
dog2314.jpg,1
dog2315.jpg,1
dog2316.jpg,1
dog2317.jpg,1
dog2318.jpg,1
dog2319.jpg,1
dog2320.jpg,1
dog2321.jpg,1
dog2322.jpg,1
dog2323.jpg,1
dog2324.jpg,1
dog2325.jpg,1
dog2326.jpg,1
dog2327.jpg,1
dog2328.jpg,1
dog2329.jpg,1
dog2330.jpg,1
dog2331.jpg,1
dog2332.jpg,1
dog2333.jpg,1
dog2334.jpg,1
dog2335.jpg,1
dog2336.jpg,1
dog2337.jpg,1
dog2338.jpg,1
dog2339.jpg,1
dog2340.jpg,1
dog2341.jpg,1
dog2342.jpg,1
dog2343.jpg,1
dog2344.jpg,1
dog2345.jpg,1
dog2346.jpg,1
dog2347.jpg,1
dog2348.jpg,1
dog2349.jpg,1
dog2350.jpg,1
dog2351.jpg,1
dog2352.jpg,1
dog2353.jpg,1
dog2354.jpg,1
dog2355.jpg,1
dog2356.jpg,1
dog2357.jpg,1
dog2358.jpg,1
dog2359.jpg,1
dog2360.jpg,1
dog2361.jpg,1
dog2362.jpg,1
dog2363.jpg,1
dog2364.jpg,1
dog2365.jpg,1
dog2366.jpg,1
dog2367.jpg,1
dog2368.jpg,1
dog2369.jpg,1
dog2370.jpg,1
dog2371.jpg,1
dog2372.jpg,1
dog2373.jpg,1
dog2374.jpg,1
dog2375.jpg,1
dog2376.jpg,1
dog2377.jpg,1
dog2378.jpg,1
dog2379.jpg,1
dog2380.jpg,1
dog2381.jpg,1
dog2382.jpg,1
dog2383.jpg,1
dog2384.jpg,1
dog2385.jpg,1
dog2386.jpg,1
dog2387.jpg,1
dog2388.jpg,1
dog2389.jpg,1
dog2390.jpg,1
dog2391.jpg,1
dog2392.jpg,1
dog2393.jpg,1
dog2394.jpg,1
dog2395.jpg,1
dog2396.jpg,1
dog2397.jpg,1
dog2398.jpg,1
dog2399.jpg,1
dog2400.jpg,1
dog2401.jpg,1
dog2402.jpg,1
dog2403.jpg,1
dog2404.jpg,1
dog2405.jpg,1
dog2406.jpg,1
dog2407.jpg,1
dog2408.jpg,1
dog2409.jpg,1
dog2410.jpg,1
dog2411.jpg,1
dog2412.jpg,1
dog2413.jpg,1
dog2414.jpg,1
dog2415.jpg,1
dog2416.jpg,1
dog2417.jpg,1
dog2418.jpg,1
dog2419.jpg,1
dog2420.jpg,1
dog2421.jpg,1
dog2422.jpg,1
dog2423.jpg,1
dog2424.jpg,1
dog2425.jpg,1
dog2426.jpg,1
dog2427.jpg,1
dog2428.jpg,1
dog2429.jpg,1
dog2430.jpg,1
dog2431.jpg,1
dog2432.jpg,1
dog2433.jpg,1
dog2434.jpg,1
dog2435.jpg,1
dog2436.jpg,1
dog2437.jpg,1
dog2438.jpg,1
dog2439.jpg,1
dog2440.jpg,1
dog2441.jpg,1
dog2442.jpg,1
dog2443.jpg,1
dog2444.jpg,1
dog2445.jpg,1
dog2446.jpg,1
dog2447.jpg,1
dog2448.jpg,1
dog2449.jpg,1
dog2450.jpg,1
dog2451.jpg,1
dog2452.jpg,1
dog2453.jpg,1
dog2454.jpg,1
dog2455.jpg,1
dog2456.jpg,1
dog2457.jpg,1
dog2458.jpg,1
dog2459.jpg,1
dog2460.jpg,1
dog2461.jpg,1
dog2462.jpg,1
dog2463.jpg,1
dog2464.jpg,1
dog2465.jpg,1
dog2466.jpg,1
dog2467.jpg,1
dog2468.jpg,1
dog2469.jpg,1
dog2470.jpg,1
dog2471.jpg,1
dog2472.jpg,1
dog2473.jpg,1
dog2474.jpg,1
dog2475.jpg,1
dog2476.jpg,1
dog2477.jpg,1
dog2478.jpg,1
dog2479.jpg,1
dog2480.jpg,1
dog2481.jpg,1
dog2482.jpg,1
dog2483.jpg,1
dog2484.jpg,1
dog2485.jpg,1
dog2486.jpg,1
dog2487.jpg,1
dog2488.jpg,1
dog2489.jpg,1
dog2490.jpg,1
dog2491.jpg,1
dog2492.jpg,1
dog2493.jpg,1
dog2494.jpg,1
dog2495.jpg,1
dog2496.jpg,1
dog2497.jpg,1
dog2498.jpg,1
dog2499.jpg,1
dog2500.jpg,1
dog2501.jpg,1
dog2502.jpg,1
dog2503.jpg,1
dog2504.jpg,1
dog2505.jpg,1
dog2506.jpg,1
dog2507.jpg,1
dog2508.jpg,1
dog2509.jpg,1
dog2510.jpg,1
dog2511.jpg,1
dog2512.jpg,1
dog2513.jpg,1
dog2514.jpg,1
dog2515.jpg,1
dog2516.jpg,1
dog2517.jpg,1
dog2518.jpg,1
dog2519.jpg,1
dog2520.jpg,1
dog2521.jpg,1
dog2522.jpg,1
dog2523.jpg,1
dog2524.jpg,1
dog2525.jpg,1
dog2526.jpg,1
dog2527.jpg,1
dog2528.jpg,1
dog2529.jpg,1
dog2530.jpg,1
dog2531.jpg,1
dog2532.jpg,1
dog2533.jpg,1
dog2534.jpg,1
dog2535.jpg,1
dog2536.jpg,1
dog2537.jpg,1
dog2538.jpg,1
dog2539.jpg,1
dog2540.jpg,1
dog2541.jpg,1
dog2542.jpg,1
dog2543.jpg,1
dog2544.jpg,1
dog2545.jpg,1
dog2546.jpg,1
dog2547.jpg,1
dog2548.jpg,1
dog2549.jpg,1
dog2550.jpg,1
dog2551.jpg,1
dog2552.jpg,1
dog2553.jpg,1
dog2554.jpg,1
dog2555.jpg,1
dog2556.jpg,1
dog2557.jpg,1
dog2558.jpg,1
dog2559.jpg,1
dog2560.jpg,1
dog2561.jpg,1
dog2562.jpg,1
dog2563.jpg,1
dog2564.jpg,1
dog2565.jpg,1
dog2566.jpg,1
dog2567.jpg,1
dog2568.jpg,1
dog2569.jpg,1
dog2570.jpg,1
dog2571.jpg,1
dog2572.jpg,1
dog2573.jpg,1
dog2574.jpg,1
dog2575.jpg,1
dog2576.jpg,1
dog2577.jpg,1
dog2578.jpg,1
dog2579.jpg,1
dog2580.jpg,1
dog2581.jpg,1
dog2582.jpg,1
dog2583.jpg,1
dog2584.jpg,1
dog2585.jpg,1
dog2586.jpg,1
dog2587.jpg,1
dog2588.jpg,1
dog2589.jpg,1
dog2590.jpg,1
dog2591.jpg,1
dog2592.jpg,1
dog2593.jpg,1
dog2594.jpg,1
dog2595.jpg,1
dog2596.jpg,1
dog2597.jpg,1
dog2598.jpg,1
dog2599.jpg,1
dog2600.jpg,1
dog2601.jpg,1
dog2602.jpg,1
dog2603.jpg,1
dog2604.jpg,1
dog2605.jpg,1
dog2606.jpg,1
dog2607.jpg,1
dog2608.jpg,1
dog2609.jpg,1
dog2610.jpg,1
dog2611.jpg,1
dog2612.jpg,1
dog2613.jpg,1
dog2614.jpg,1
dog2615.jpg,1
dog2616.jpg,1
dog2617.jpg,1
dog2618.jpg,1
dog2619.jpg,1
dog2620.jpg,1
dog2621.jpg,1
dog2622.jpg,1
dog2623.jpg,1
dog2624.jpg,1
dog2625.jpg,1
dog2626.jpg,1
dog2627.jpg,1
dog2628.jpg,1
dog2629.jpg,1
dog2630.jpg,1
dog2631.jpg,1
dog2632.jpg,1
dog2633.jpg,1
dog2634.jpg,1
dog2635.jpg,1
dog2636.jpg,1
dog2637.jpg,1
dog2638.jpg,1
dog2639.jpg,1
dog2640.jpg,1
dog2641.jpg,1
dog2642.jpg,1
dog2643.jpg,1
dog2644.jpg,1
dog2645.jpg,1
dog2646.jpg,1
dog2647.jpg,1
dog2648.jpg,1
dog2649.jpg,1
dog2650.jpg,1
dog2651.jpg,1
dog2652.jpg,1
dog2653.jpg,1
dog2654.jpg,1
dog2655.jpg,1
dog2656.jpg,1
dog2657.jpg,1
dog2658.jpg,1
dog2659.jpg,1
dog2660.jpg,1
dog2661.jpg,1
dog2662.jpg,1
dog2663.jpg,1
dog2664.jpg,1
dog2665.jpg,1
dog2666.jpg,1
dog2667.jpg,1
dog2668.jpg,1
dog2669.jpg,1
dog2670.jpg,1
dog2671.jpg,1
dog2672.jpg,1
dog2673.jpg,1
dog2674.jpg,1
dog2675.jpg,1
dog2676.jpg,1
dog2677.jpg,1
dog2678.jpg,1
dog2679.jpg,1
dog2680.jpg,1
dog2681.jpg,1
dog2682.jpg,1
dog2683.jpg,1
dog2684.jpg,1
dog2685.jpg,1
dog2686.jpg,1
dog2687.jpg,1
dog2688.jpg,1
dog2689.jpg,1
dog2690.jpg,1
dog2691.jpg,1
dog2692.jpg,1
dog2693.jpg,1
dog2694.jpg,1
dog2695.jpg,1
dog2696.jpg,1
dog2697.jpg,1
dog2698.jpg,1
dog2699.jpg,1
dog2700.jpg,1
dog2701.jpg,1
dog2702.jpg,1
dog2703.jpg,1
dog2704.jpg,1
dog2705.jpg,1
dog2706.jpg,1
dog2707.jpg,1
dog2708.jpg,1
dog2709.jpg,1
dog2710.jpg,1
dog2711.jpg,1
dog2712.jpg,1
dog2713.jpg,1
dog2714.jpg,1
dog2715.jpg,1
dog2716.jpg,1
dog2717.jpg,1
dog2718.jpg,1
dog2719.jpg,1
dog2720.jpg,1
dog2721.jpg,1
dog2722.jpg,1
dog2723.jpg,1
dog2724.jpg,1
dog2725.jpg,1
dog2726.jpg,1
dog2727.jpg,1
dog2728.jpg,1
dog2729.jpg,1
dog2730.jpg,1
dog2731.jpg,1
dog2732.jpg,1
dog2733.jpg,1
dog2734.jpg,1
dog2735.jpg,1
dog2736.jpg,1
dog2737.jpg,1
dog2738.jpg,1
dog2739.jpg,1
dog2740.jpg,1
dog2741.jpg,1
dog2742.jpg,1
dog2743.jpg,1
dog2744.jpg,1
dog2745.jpg,1
dog2746.jpg,1
dog2747.jpg,1
dog2748.jpg,1
dog2749.jpg,1
dog2750.jpg,1
dog2751.jpg,1
dog2752.jpg,1
dog2753.jpg,1
dog2754.jpg,1
dog2755.jpg,1
dog2756.jpg,1
dog2757.jpg,1
dog2758.jpg,1
dog2759.jpg,1
dog2760.jpg,1
dog2761.jpg,1
dog2762.jpg,1
dog2763.jpg,1
dog2764.jpg,1
dog2765.jpg,1
dog2766.jpg,1
dog2767.jpg,1
dog2768.jpg,1
dog2769.jpg,1
dog2770.jpg,1
dog2771.jpg,1
dog2772.jpg,1
dog2773.jpg,1
dog2774.jpg,1
dog2775.jpg,1
dog2776.jpg,1
dog2777.jpg,1
dog2778.jpg,1
dog2779.jpg,1
dog2780.jpg,1
dog2781.jpg,1
dog2782.jpg,1
dog2783.jpg,1
dog2784.jpg,1
dog2785.jpg,1
dog2786.jpg,1
dog2787.jpg,1
dog2788.jpg,1
dog2789.jpg,1
dog2790.jpg,1
dog2791.jpg,1
dog2792.jpg,1
dog2793.jpg,1
dog2794.jpg,1
dog2795.jpg,1
dog2796.jpg,1
dog2797.jpg,1
dog2798.jpg,1
dog2799.jpg,1
dog2800.jpg,1
dog2801.jpg,1
dog2802.jpg,1
dog2803.jpg,1
dog2804.jpg,1
dog2805.jpg,1
dog2806.jpg,1
dog2807.jpg,1
dog2808.jpg,1
dog2809.jpg,1
dog2810.jpg,1
dog2811.jpg,1
dog2812.jpg,1
dog2813.jpg,1
dog2814.jpg,1
dog2815.jpg,1
dog2816.jpg,1
dog2817.jpg,1
dog2818.jpg,1
dog2819.jpg,1
dog2820.jpg,1
dog2821.jpg,1
dog2822.jpg,1
dog2823.jpg,1
dog2824.jpg,1
dog2825.jpg,1
dog2826.jpg,1
dog2827.jpg,1
dog2828.jpg,1
dog2829.jpg,1
dog2830.jpg,1
dog2831.jpg,1
dog2832.jpg,1
dog2833.jpg,1
dog2834.jpg,1
dog2835.jpg,1
dog2836.jpg,1
dog2837.jpg,1
dog2838.jpg,1
dog2839.jpg,1
dog2840.jpg,1
dog2841.jpg,1
dog2842.jpg,1
dog2843.jpg,1
dog2844.jpg,1
dog2845.jpg,1
dog2846.jpg,1
dog2847.jpg,1
dog2848.jpg,1
dog2849.jpg,1
dog2850.jpg,1
dog2851.jpg,1
dog2852.jpg,1
dog2853.jpg,1
dog2854.jpg,1
dog2855.jpg,1
dog2856.jpg,1
dog2857.jpg,1
dog2858.jpg,1
dog2859.jpg,1
dog2860.jpg,1
dog2861.jpg,1
dog2862.jpg,1
dog2863.jpg,1
dog2864.jpg,1
dog2865.jpg,1
dog2866.jpg,1
dog2867.jpg,1
dog2868.jpg,1
dog2869.jpg,1
dog2870.jpg,1
dog2871.jpg,1
dog2872.jpg,1
dog2873.jpg,1
dog2874.jpg,1
dog2875.jpg,1
dog2876.jpg,1
dog2877.jpg,1
dog2878.jpg,1
dog2879.jpg,1
dog2880.jpg,1
dog2881.jpg,1
dog2882.jpg,1
dog2883.jpg,1
dog2884.jpg,1
dog2885.jpg,1
dog2886.jpg,1
dog2887.jpg,1
dog2888.jpg,1
dog2889.jpg,1
dog2890.jpg,1
dog2891.jpg,1
dog2892.jpg,1
dog2893.jpg,1
dog2894.jpg,1
dog2895.jpg,1
dog2896.jpg,1
dog2897.jpg,1
dog2898.jpg,1
dog2899.jpg,1
dog2900.jpg,1
dog2901.jpg,1
dog2902.jpg,1
dog2903.jpg,1
dog2904.jpg,1
dog2905.jpg,1
dog2906.jpg,1
dog2907.jpg,1
dog2908.jpg,1
dog2909.jpg,1
dog2910.jpg,1
dog2911.jpg,1
dog2912.jpg,1
dog2913.jpg,1
dog2914.jpg,1
dog2915.jpg,1
dog2916.jpg,1
dog2917.jpg,1
dog2918.jpg,1
dog2919.jpg,1
dog2920.jpg,1
dog2921.jpg,1
dog2922.jpg,1
dog2923.jpg,1
dog2924.jpg,1
dog2925.jpg,1
dog2926.jpg,1
dog2927.jpg,1
dog2928.jpg,1
dog2929.jpg,1
dog2930.jpg,1
dog2931.jpg,1
dog2932.jpg,1
dog2933.jpg,1
dog2934.jpg,1
dog2935.jpg,1
dog2936.jpg,1
dog2937.jpg,1
dog2938.jpg,1
dog2939.jpg,1
dog2940.jpg,1
dog2941.jpg,1
dog2942.jpg,1
dog2943.jpg,1
dog2944.jpg,1
dog2945.jpg,1
dog2946.jpg,1
dog2947.jpg,1
dog2948.jpg,1
dog2949.jpg,1
dog2950.jpg,1
dog2951.jpg,1
dog2952.jpg,1
dog2953.jpg,1
dog2954.jpg,1
dog2955.jpg,1
dog2956.jpg,1
dog2957.jpg,1
dog2958.jpg,1
dog2959.jpg,1
dog2960.jpg,1
dog2961.jpg,1
dog2962.jpg,1
dog2963.jpg,1
dog2964.jpg,1
dog2965.jpg,1
dog2966.jpg,1
dog2967.jpg,1
dog2968.jpg,1
dog2969.jpg,1
dog2970.jpg,1
dog2971.jpg,1
dog2972.jpg,1
dog2973.jpg,1
dog2974.jpg,1
dog2975.jpg,1
dog2976.jpg,1
dog2977.jpg,1
dog2978.jpg,1
dog2979.jpg,1
dog2980.jpg,1
dog2981.jpg,1
dog2982.jpg,1
dog2983.jpg,1
dog2984.jpg,1
dog2985.jpg,1
dog2986.jpg,1
dog2987.jpg,1
dog2988.jpg,1
dog2989.jpg,1
dog2990.jpg,1
dog2991.jpg,1
dog2992.jpg,1
dog2993.jpg,1
dog2994.jpg,1
dog2995.jpg,1
dog2996.jpg,1
dog2997.jpg,1
dog2998.jpg,1
dog2999.jpg,1
